model_id	analysis_panel	sensitivity_label	model_spec	response_track	exposure_column	excluded_country_iso3	country_filter	n_rows	n_countries	year_window	model_family	weighting_scheme	result_type	estimate_term	program_class	reference_class	effect_scale	effect_estimate	ci_lower	ci_upper	p_value	q_value	notes	term_label	estimate_stability	odds_ratio	odds_ratio_ci_lower	odds_ratio_ci_upper	converged	covariance_type	diagnostic_notes
programme_country_period_5y_primary_programme_only_ipw	programme_country_period_5y	primary_period_panel	programme_only	ipw	program_formulation_class_concurrent		all_primary_eligible_period_rows	18	11	2000-2024	statsmodels_glm_binomial_cluster	ipw_grouped_binomial_period_weights	coefficient	C(program_formulation_class_concurrent, Treatment(reference='wp_only_or_pre_ap'))[T.routine_ap_mixed]	routine_ap_mixed	wp_only_or_pre_ap	log_odds	-0.2713318139742828	-7.772117560474168	7.229453932525603	0.9434768504106116	0.9434768504106116	programme_surveillance_design_upgrade;headline_focus=surveillance_heterogeneity_not_causal_policy_effect;sampling_covariates_are_diagnostics_not_policy_mechanisms;response=ipw;exposure=concurrent_programme_class	routine_ap_mixed vs wp_only_or_pre_ap	imprecise_crosses_null	0.7623634915721305	0.0004213201506310969	1379.4690152167454	True	cluster	programme_surveillance_design_upgrade;headline_focus=surveillance_heterogeneity_not_causal_policy_effect;sampling_covariates_are_diagnostics_not_policy_mechanisms;response=ipw;exposure=concurrent_programme_class
programme_country_period_5y_primary_programme_only_ipw	programme_country_period_5y	primary_period_panel	programme_only	ipw	program_formulation_class_concurrent		all_primary_eligible_period_rows	18	11	2000-2024	statsmodels_glm_binomial_cluster	ipw_grouped_binomial_period_weights	coefficient	C(program_formulation_class_concurrent, Treatment(reference='wp_only_or_pre_ap'))[T.routine_ap_prn_negative]	routine_ap_prn_negative	wp_only_or_pre_ap	log_odds	-2.913381963993483	-6.26436430933418	0.4376003813472144	0.0883724610015826	0.1524891616224586	programme_surveillance_design_upgrade;headline_focus=surveillance_heterogeneity_not_causal_policy_effect;sampling_covariates_are_diagnostics_not_policy_mechanisms;response=ipw;exposure=concurrent_programme_class	routine_ap_prn_negative vs wp_only_or_pre_ap	imprecise_crosses_null	0.05429180609934222	0.0019029227042483322	1.548985780109706	True	cluster	programme_surveillance_design_upgrade;headline_focus=surveillance_heterogeneity_not_causal_policy_effect;sampling_covariates_are_diagnostics_not_policy_mechanisms;response=ipw;exposure=concurrent_programme_class
programme_country_period_5y_primary_programme_only_ipw	programme_country_period_5y	primary_period_panel	programme_only	ipw	program_formulation_class_concurrent		all_primary_eligible_period_rows	18	11	2000-2024	statsmodels_glm_binomial_cluster	ipw_grouped_binomial_period_weights	coefficient	C(program_formulation_class_concurrent, Treatment(reference='wp_only_or_pre_ap'))[T.routine_ap_prn_positive]	routine_ap_prn_positive	wp_only_or_pre_ap	log_odds	3.707548472499647	-0.7507876181217457	8.16588456312104	0.1031153790789168	0.1524891616224586	programme_surveillance_design_upgrade;headline_focus=surveillance_heterogeneity_not_causal_policy_effect;sampling_covariates_are_diagnostics_not_policy_mechanisms;response=ipw;exposure=concurrent_programme_class	routine_ap_prn_positive vs wp_only_or_pre_ap	imprecise_crosses_null	40.753774961960566	0.47199465475998936	3518.8325903705017	True	cluster	programme_surveillance_design_upgrade;headline_focus=surveillance_heterogeneity_not_causal_policy_effect;sampling_covariates_are_diagnostics_not_policy_mechanisms;response=ipw;exposure=concurrent_programme_class
programme_country_period_5y_primary_programme_plus_bridge_ipw	programme_country_period_5y	primary_period_panel	programme_plus_bridge	ipw	program_formulation_class_concurrent		all_primary_eligible_period_rows	18	11	2000-2024	statsmodels_glm_binomial_cluster	ipw_grouped_binomial_period_weights	coefficient	C(program_formulation_class_concurrent, Treatment(reference='wp_only_or_pre_ap'))[T.routine_ap_mixed]	routine_ap_mixed	wp_only_or_pre_ap	log_odds	3392524905586795.0					programme_surveillance_design_upgrade;headline_focus=surveillance_heterogeneity_not_causal_policy_effect;sampling_covariates_are_diagnostics_not_policy_mechanisms;response=ipw;exposure=concurrent_programme_class;bridge=origin_and_detection_context	routine_ap_mixed vs wp_only_or_pre_ap	missing				True	cluster	programme_surveillance_design_upgrade;headline_focus=surveillance_heterogeneity_not_causal_policy_effect;sampling_covariates_are_diagnostics_not_policy_mechanisms;response=ipw;exposure=concurrent_programme_class;bridge=origin_and_detection_context
programme_country_period_5y_primary_programme_plus_bridge_ipw	programme_country_period_5y	primary_period_panel	programme_plus_bridge	ipw	program_formulation_class_concurrent		all_primary_eligible_period_rows	18	11	2000-2024	statsmodels_glm_binomial_cluster	ipw_grouped_binomial_period_weights	coefficient	C(program_formulation_class_concurrent, Treatment(reference='wp_only_or_pre_ap'))[T.routine_ap_prn_negative]	routine_ap_prn_negative	wp_only_or_pre_ap	log_odds	-493783349331986.8					programme_surveillance_design_upgrade;headline_focus=surveillance_heterogeneity_not_causal_policy_effect;sampling_covariates_are_diagnostics_not_policy_mechanisms;response=ipw;exposure=concurrent_programme_class;bridge=origin_and_detection_context	routine_ap_prn_negative vs wp_only_or_pre_ap	missing				True	cluster	programme_surveillance_design_upgrade;headline_focus=surveillance_heterogeneity_not_causal_policy_effect;sampling_covariates_are_diagnostics_not_policy_mechanisms;response=ipw;exposure=concurrent_programme_class;bridge=origin_and_detection_context
programme_country_period_5y_primary_programme_plus_bridge_ipw	programme_country_period_5y	primary_period_panel	programme_plus_bridge	ipw	program_formulation_class_concurrent		all_primary_eligible_period_rows	18	11	2000-2024	statsmodels_glm_binomial_cluster	ipw_grouped_binomial_period_weights	coefficient	C(program_formulation_class_concurrent, Treatment(reference='wp_only_or_pre_ap'))[T.routine_ap_prn_positive]	routine_ap_prn_positive	wp_only_or_pre_ap	log_odds	1.910614872029008e+16					programme_surveillance_design_upgrade;headline_focus=surveillance_heterogeneity_not_causal_policy_effect;sampling_covariates_are_diagnostics_not_policy_mechanisms;response=ipw;exposure=concurrent_programme_class;bridge=origin_and_detection_context	routine_ap_prn_positive vs wp_only_or_pre_ap	missing				True	cluster	programme_surveillance_design_upgrade;headline_focus=surveillance_heterogeneity_not_causal_policy_effect;sampling_covariates_are_diagnostics_not_policy_mechanisms;response=ipw;exposure=concurrent_programme_class;bridge=origin_and_detection_context
programme_country_period_5y_exclude_USA_programme_only_ipw	programme_country_period_5y	exclude_usa	programme_only	ipw	program_formulation_class_concurrent	USA	exclude_country=USA	13	10	2000-2024	statsmodels_glm_binomial_cluster	ipw_grouped_binomial_period_weights	coefficient	C(program_formulation_class_concurrent, Treatment(reference='wp_only_or_pre_ap'))[T.routine_ap_mixed]	routine_ap_mixed	wp_only_or_pre_ap	log_odds	13.765163305561154	1.7305105216447425	25.799816089477567	0.0249719616799752	0.0537521447482367	programme_surveillance_design_upgrade;headline_focus=surveillance_heterogeneity_not_causal_policy_effect;sampling_covariates_are_diagnostics_not_policy_mechanisms;response=ipw;exposure=concurrent_programme_class;country_dependence_check=USA_excluded	routine_ap_mixed vs wp_only_or_pre_ap	extreme_or_quasi_separated		5.6435343195326215		True	cluster	programme_surveillance_design_upgrade;headline_focus=surveillance_heterogeneity_not_causal_policy_effect;sampling_covariates_are_diagnostics_not_policy_mechanisms;response=ipw;exposure=concurrent_programme_class;country_dependence_check=USA_excluded
programme_country_period_5y_exclude_USA_programme_only_ipw	programme_country_period_5y	exclude_usa	programme_only	ipw	program_formulation_class_concurrent	USA	exclude_country=USA	13	10	2000-2024	statsmodels_glm_binomial_cluster	ipw_grouped_binomial_period_weights	coefficient	C(program_formulation_class_concurrent, Treatment(reference='wp_only_or_pre_ap'))[T.routine_ap_prn_negative]	routine_ap_prn_negative	wp_only_or_pre_ap	log_odds	8.17448196927966	-1.5886500661081104	17.93761400466743	0.100782851946357	0.1175799939374165	programme_surveillance_design_upgrade;headline_focus=surveillance_heterogeneity_not_causal_policy_effect;sampling_covariates_are_diagnostics_not_policy_mechanisms;response=ipw;exposure=concurrent_programme_class;country_dependence_check=USA_excluded	routine_ap_prn_negative vs wp_only_or_pre_ap	extreme_or_quasi_separated	3549.2158447945053	0.20420108372157056		True	cluster	programme_surveillance_design_upgrade;headline_focus=surveillance_heterogeneity_not_causal_policy_effect;sampling_covariates_are_diagnostics_not_policy_mechanisms;response=ipw;exposure=concurrent_programme_class;country_dependence_check=USA_excluded
programme_country_period_5y_exclude_USA_programme_only_ipw	programme_country_period_5y	exclude_usa	programme_only	ipw	program_formulation_class_concurrent	USA	exclude_country=USA	13	10	2000-2024	statsmodels_glm_binomial_cluster	ipw_grouped_binomial_period_weights	coefficient	C(program_formulation_class_concurrent, Treatment(reference='wp_only_or_pre_ap'))[T.routine_ap_prn_positive]	routine_ap_prn_positive	wp_only_or_pre_ap	log_odds	-1.0815872212027997	-5.277060514302539	3.113886071896939	0.6133584707232439	0.6133584707232439	programme_surveillance_design_upgrade;headline_focus=surveillance_heterogeneity_not_causal_policy_effect;sampling_covariates_are_diagnostics_not_policy_mechanisms;response=ipw;exposure=concurrent_programme_class;country_dependence_check=USA_excluded	routine_ap_prn_positive vs wp_only_or_pre_ap	imprecise_crosses_null	0.33905693996663394	0.00510742194252054	22.508343707119757	True	cluster	programme_surveillance_design_upgrade;headline_focus=surveillance_heterogeneity_not_causal_policy_effect;sampling_covariates_are_diagnostics_not_policy_mechanisms;response=ipw;exposure=concurrent_programme_class;country_dependence_check=USA_excluded
programme_country_period_5y_high_confidence_programme_only_ipw	programme_country_period_5y	high_confidence_only	programme_only	ipw	program_formulation_class_concurrent		formulation_confidence_period=high	13	6	2000-2024	statsmodels_glm_binomial_cluster	ipw_grouped_binomial_period_weights	coefficient	C(program_formulation_class_concurrent, Treatment(reference='wp_only_or_pre_ap'))[T.routine_ap_prn_negative]	routine_ap_prn_negative	wp_only_or_pre_ap	log_odds	-0.5263397228765642	-7.522931641567427	6.470252195814299	0.8827792815254143	0.8827792815254143	programme_surveillance_design_upgrade;headline_focus=surveillance_heterogeneity_not_causal_policy_effect;sampling_covariates_are_diagnostics_not_policy_mechanisms;response=ipw;row_subset=high_confidence_only	routine_ap_prn_negative vs wp_only_or_pre_ap	imprecise_crosses_null	0.5907633747541786	0.0005405455548907946	645.6465357881897	True	cluster	programme_surveillance_design_upgrade;headline_focus=surveillance_heterogeneity_not_causal_policy_effect;sampling_covariates_are_diagnostics_not_policy_mechanisms;response=ipw;row_subset=high_confidence_only
programme_country_period_5y_high_confidence_programme_only_ipw	programme_country_period_5y	high_confidence_only	programme_only	ipw	program_formulation_class_concurrent		formulation_confidence_period=high	13	6	2000-2024	statsmodels_glm_binomial_cluster	ipw_grouped_binomial_period_weights	coefficient	C(program_formulation_class_concurrent, Treatment(reference='wp_only_or_pre_ap'))[T.routine_ap_prn_positive]	routine_ap_prn_positive	wp_only_or_pre_ap	log_odds	3.765549950280812	-5.989250585739136	13.52035048630076	0.4492897983313318	0.6739346974969977	programme_surveillance_design_upgrade;headline_focus=surveillance_heterogeneity_not_causal_policy_effect;sampling_covariates_are_diagnostics_not_policy_mechanisms;response=ipw;row_subset=high_confidence_only	routine_ap_prn_positive vs wp_only_or_pre_ap	extreme_or_quasi_separated	43.18745028054549	0.0025055410349774684		True	cluster	programme_surveillance_design_upgrade;headline_focus=surveillance_heterogeneity_not_causal_policy_effect;sampling_covariates_are_diagnostics_not_policy_mechanisms;response=ipw;row_subset=high_confidence_only
programme_country_period_5y_transition_excluded_programme_only_ipw	programme_country_period_5y	transition_excluded	programme_only	ipw	program_formulation_class_concurrent		transition_period_flag=false	18	11	2000-2024	statsmodels_glm_binomial_cluster	ipw_grouped_binomial_period_weights	coefficient	C(program_formulation_class_concurrent, Treatment(reference='wp_only_or_pre_ap'))[T.routine_ap_mixed]	routine_ap_mixed	wp_only_or_pre_ap	log_odds	-0.2713318139742828	-7.772117560474168	7.229453932525603	0.9434768504106116	0.9434768504106116	programme_surveillance_design_upgrade;headline_focus=surveillance_heterogeneity_not_causal_policy_effect;sampling_covariates_are_diagnostics_not_policy_mechanisms;response=ipw;transition_rows_excluded=true	routine_ap_mixed vs wp_only_or_pre_ap	imprecise_crosses_null	0.7623634915721305	0.0004213201506310969	1379.4690152167454	True	cluster	programme_surveillance_design_upgrade;headline_focus=surveillance_heterogeneity_not_causal_policy_effect;sampling_covariates_are_diagnostics_not_policy_mechanisms;response=ipw;transition_rows_excluded=true
programme_country_period_5y_transition_excluded_programme_only_ipw	programme_country_period_5y	transition_excluded	programme_only	ipw	program_formulation_class_concurrent		transition_period_flag=false	18	11	2000-2024	statsmodels_glm_binomial_cluster	ipw_grouped_binomial_period_weights	coefficient	C(program_formulation_class_concurrent, Treatment(reference='wp_only_or_pre_ap'))[T.routine_ap_prn_negative]	routine_ap_prn_negative	wp_only_or_pre_ap	log_odds	-2.913381963993483	-6.26436430933418	0.4376003813472144	0.0883724610015826	0.1524891616224586	programme_surveillance_design_upgrade;headline_focus=surveillance_heterogeneity_not_causal_policy_effect;sampling_covariates_are_diagnostics_not_policy_mechanisms;response=ipw;transition_rows_excluded=true	routine_ap_prn_negative vs wp_only_or_pre_ap	imprecise_crosses_null	0.05429180609934222	0.0019029227042483322	1.548985780109706	True	cluster	programme_surveillance_design_upgrade;headline_focus=surveillance_heterogeneity_not_causal_policy_effect;sampling_covariates_are_diagnostics_not_policy_mechanisms;response=ipw;transition_rows_excluded=true
programme_country_period_5y_transition_excluded_programme_only_ipw	programme_country_period_5y	transition_excluded	programme_only	ipw	program_formulation_class_concurrent		transition_period_flag=false	18	11	2000-2024	statsmodels_glm_binomial_cluster	ipw_grouped_binomial_period_weights	coefficient	C(program_formulation_class_concurrent, Treatment(reference='wp_only_or_pre_ap'))[T.routine_ap_prn_positive]	routine_ap_prn_positive	wp_only_or_pre_ap	log_odds	3.707548472499647	-0.7507876181217457	8.16588456312104	0.1031153790789168	0.1524891616224586	programme_surveillance_design_upgrade;headline_focus=surveillance_heterogeneity_not_causal_policy_effect;sampling_covariates_are_diagnostics_not_policy_mechanisms;response=ipw;transition_rows_excluded=true	routine_ap_prn_positive vs wp_only_or_pre_ap	imprecise_crosses_null	40.753774961960566	0.47199465475998936	3518.8325903705017	True	cluster	programme_surveillance_design_upgrade;headline_focus=surveillance_heterogeneity_not_causal_policy_effect;sampling_covariates_are_diagnostics_not_policy_mechanisms;response=ipw;transition_rows_excluded=true
programme_country_period_5y_lagged_programme_only_ipw	programme_country_period_5y	lagged_exposure	programme_only	ipw	program_formulation_class_lagged		lagged_class_available=true	16	11	2005-2024	statsmodels_glm_binomial_cluster	ipw_grouped_binomial_period_weights	coefficient	C(program_formulation_class_lagged, Treatment(reference='wp_only_or_pre_ap'))[T.routine_ap_mixed]	routine_ap_mixed	wp_only_or_pre_ap	log_odds	-0.0284714738845743	-6.6673813431555065	6.610438395386359	0.9932933723366908	0.9932933723366908	programme_surveillance_design_upgrade;headline_focus=surveillance_heterogeneity_not_causal_policy_effect;sampling_covariates_are_diagnostics_not_policy_mechanisms;response=ipw;exposure=lagged_programme_class	routine_ap_mixed vs wp_only_or_pre_ap	imprecise_crosses_null	0.9719300191386031	0.0012717246048124776	742.8085912060021	True	cluster	programme_surveillance_design_upgrade;headline_focus=surveillance_heterogeneity_not_causal_policy_effect;sampling_covariates_are_diagnostics_not_policy_mechanisms;response=ipw;exposure=lagged_programme_class
programme_country_period_5y_lagged_programme_only_ipw	programme_country_period_5y	lagged_exposure	programme_only	ipw	program_formulation_class_lagged		lagged_class_available=true	16	11	2005-2024	statsmodels_glm_binomial_cluster	ipw_grouped_binomial_period_weights	coefficient	C(program_formulation_class_lagged, Treatment(reference='wp_only_or_pre_ap'))[T.routine_ap_prn_negative]	routine_ap_prn_negative	wp_only_or_pre_ap	log_odds	-2.608150487622029	-5.491010533367851	0.274709558123793	0.0761905432888673	0.1478236565694655	programme_surveillance_design_upgrade;headline_focus=surveillance_heterogeneity_not_causal_policy_effect;sampling_covariates_are_diagnostics_not_policy_mechanisms;response=ipw;exposure=lagged_programme_class	routine_ap_prn_negative vs wp_only_or_pre_ap	imprecise_crosses_null	0.07367067265918988	0.00412367495690148	1.3161483547519024	True	cluster	programme_surveillance_design_upgrade;headline_focus=surveillance_heterogeneity_not_causal_policy_effect;sampling_covariates_are_diagnostics_not_policy_mechanisms;response=ipw;exposure=lagged_programme_class
programme_country_period_5y_lagged_programme_only_ipw	programme_country_period_5y	lagged_exposure	programme_only	ipw	program_formulation_class_lagged		lagged_class_available=true	16	11	2005-2024	statsmodels_glm_binomial_cluster	ipw_grouped_binomial_period_weights	coefficient	C(program_formulation_class_lagged, Treatment(reference='wp_only_or_pre_ap'))[T.routine_ap_prn_positive]	routine_ap_prn_positive	wp_only_or_pre_ap	log_odds	3.5895860100934702	-0.4882706351962258	7.667442655383166	0.0844706608968374	0.1478236565694655	programme_surveillance_design_upgrade;headline_focus=surveillance_heterogeneity_not_causal_policy_effect;sampling_covariates_are_diagnostics_not_policy_mechanisms;response=ipw;exposure=lagged_programme_class	routine_ap_prn_positive vs wp_only_or_pre_ap	imprecise_crosses_null	36.21907848937846	0.6136867653283781	2137.6078493689097	True	cluster	programme_surveillance_design_upgrade;headline_focus=surveillance_heterogeneity_not_causal_policy_effect;sampling_covariates_are_diagnostics_not_policy_mechanisms;response=ipw;exposure=lagged_programme_class
programme_country_period_3y_supporting_programme_only_ipw	programme_country_period_3y	supporting_period_panel	programme_only	ipw	program_formulation_class_concurrent		all_primary_eligible_period_rows	22	9	1998-2024	statsmodels_glm_binomial_cluster	ipw_grouped_binomial_period_weights	coefficient	C(program_formulation_class_concurrent, Treatment(reference='wp_only_or_pre_ap'))[T.routine_ap_mixed]	routine_ap_mixed	wp_only_or_pre_ap	log_odds	-2.970727742207198	-16.58598728086	10.644531796445602	0.6689027148060858	0.6689027148060858	programme_surveillance_design_upgrade;headline_focus=surveillance_heterogeneity_not_causal_policy_effect;sampling_covariates_are_diagnostics_not_policy_mechanisms;response=ipw;supporting_panel=yes	routine_ap_mixed vs wp_only_or_pre_ap	extreme_or_quasi_separated	0.051265988329666924			True	cluster	programme_surveillance_design_upgrade;headline_focus=surveillance_heterogeneity_not_causal_policy_effect;sampling_covariates_are_diagnostics_not_policy_mechanisms;response=ipw;supporting_panel=yes
programme_country_period_3y_supporting_programme_only_ipw	programme_country_period_3y	supporting_period_panel	programme_only	ipw	program_formulation_class_concurrent		all_primary_eligible_period_rows	22	9	1998-2024	statsmodels_glm_binomial_cluster	ipw_grouped_binomial_period_weights	coefficient	C(program_formulation_class_concurrent, Treatment(reference='wp_only_or_pre_ap'))[T.routine_ap_prn_negative]	routine_ap_prn_negative	wp_only_or_pre_ap	log_odds	-4.916859750502368	-13.84654214821058	4.012822647205843	0.2804919980644248	0.4655924118716928	programme_surveillance_design_upgrade;headline_focus=surveillance_heterogeneity_not_causal_policy_effect;sampling_covariates_are_diagnostics_not_policy_mechanisms;response=ipw;supporting_panel=yes	routine_ap_prn_negative vs wp_only_or_pre_ap	extreme_or_quasi_separated	0.007322087965438183		55.30275061727417	True	cluster	programme_surveillance_design_upgrade;headline_focus=surveillance_heterogeneity_not_causal_policy_effect;sampling_covariates_are_diagnostics_not_policy_mechanisms;response=ipw;supporting_panel=yes
programme_country_period_3y_supporting_programme_only_ipw	programme_country_period_3y	supporting_period_panel	programme_only	ipw	program_formulation_class_concurrent		all_primary_eligible_period_rows	22	9	1998-2024	statsmodels_glm_binomial_cluster	ipw_grouped_binomial_period_weights	coefficient	C(program_formulation_class_concurrent, Treatment(reference='wp_only_or_pre_ap'))[T.routine_ap_prn_positive]	routine_ap_prn_positive	wp_only_or_pre_ap	log_odds	11.412470071642142	-6.782726860917292	29.607667004201573	0.2189369832958164	0.4655924118716928	programme_surveillance_design_upgrade;headline_focus=surveillance_heterogeneity_not_causal_policy_effect;sampling_covariates_are_diagnostics_not_policy_mechanisms;response=ipw;supporting_panel=yes	routine_ap_prn_positive vs wp_only_or_pre_ap	extreme_or_quasi_separated		0.0011331806554106061		True	cluster	programme_surveillance_design_upgrade;headline_focus=surveillance_heterogeneity_not_causal_policy_effect;sampling_covariates_are_diagnostics_not_policy_mechanisms;response=ipw;supporting_panel=yes
programme_country_period_5y_primary_programme_only_naive	programme_country_period_5y	response_track_sensitivity	programme_only	naive	program_formulation_class_concurrent		all_primary_eligible_period_rows	18	11	2000-2024	statsmodels_glm_binomial_cluster	naive_grouped_binomial_interpretable_trials	coefficient	C(program_formulation_class_concurrent, Treatment(reference='wp_only_or_pre_ap'))[T.routine_ap_mixed]	routine_ap_mixed	wp_only_or_pre_ap	log_odds	-0.6432862160269031	-6.192761587092602	4.906189155038796	0.8202682025993593	0.8202682025993593	programme_surveillance_design_upgrade;headline_focus=surveillance_heterogeneity_not_causal_policy_effect;sampling_covariates_are_diagnostics_not_policy_mechanisms;response=naive;exposure=concurrent_programme_class	routine_ap_mixed vs wp_only_or_pre_ap	imprecise_crosses_null	0.5255624712843785	0.0020441737873438254	135.1234972939629	True	cluster	programme_surveillance_design_upgrade;headline_focus=surveillance_heterogeneity_not_causal_policy_effect;sampling_covariates_are_diagnostics_not_policy_mechanisms;response=naive;exposure=concurrent_programme_class
programme_country_period_5y_primary_programme_only_boundary_lower	programme_country_period_5y	response_track_sensitivity	programme_only	boundary_lower	program_formulation_class_concurrent		all_primary_eligible_period_rows	18	11	2000-2024	statsmodels_glm_binomial_cluster	boundary_lower_total_genome_trials	coefficient	C(program_formulation_class_concurrent, Treatment(reference='wp_only_or_pre_ap'))[T.routine_ap_mixed]	routine_ap_mixed	wp_only_or_pre_ap	log_odds	-0.7375467984176013	-6.608695043269464	5.133601446434261	0.8055122501691604	0.8055122501691604	programme_surveillance_design_upgrade;headline_focus=surveillance_heterogeneity_not_causal_policy_effect;sampling_covariates_are_diagnostics_not_policy_mechanisms;response=boundary_lower;exposure=concurrent_programme_class	routine_ap_mixed vs wp_only_or_pre_ap	imprecise_crosses_null	0.478285808991309	0.001348590854357602	169.626921570248	True	cluster	programme_surveillance_design_upgrade;headline_focus=surveillance_heterogeneity_not_causal_policy_effect;sampling_covariates_are_diagnostics_not_policy_mechanisms;response=boundary_lower;exposure=concurrent_programme_class
programme_country_period_5y_primary_programme_only_boundary_upper	programme_country_period_5y	response_track_sensitivity	programme_only	boundary_upper	program_formulation_class_concurrent		all_primary_eligible_period_rows	18	11	2000-2024	statsmodels_glm_binomial_cluster	boundary_upper_total_genome_trials	coefficient	C(program_formulation_class_concurrent, Treatment(reference='wp_only_or_pre_ap'))[T.routine_ap_mixed]	routine_ap_mixed	wp_only_or_pre_ap	log_odds	-1.5718116292081312	-5.607962375909783	2.4643391174935205	0.445290864927625	0.445290864927625	programme_surveillance_design_upgrade;headline_focus=surveillance_heterogeneity_not_causal_policy_effect;sampling_covariates_are_diagnostics_not_policy_mechanisms;response=boundary_upper;exposure=concurrent_programme_class	routine_ap_mixed vs wp_only_or_pre_ap	imprecise_crosses_null	0.2076686228241647	0.0036685368462338118	11.755710440787695	True	cluster	programme_surveillance_design_upgrade;headline_focus=surveillance_heterogeneity_not_causal_policy_effect;sampling_covariates_are_diagnostics_not_policy_mechanisms;response=boundary_upper;exposure=concurrent_programme_class
programme_country_period_5y_ridge_penalized_programme_only_ipw	programme_country_period_5y	ridge_penalized_support	programme_only	ipw	program_formulation_class_concurrent		all_primary_eligible_period_rows	18	11	2000-2024	statsmodels_glm_binomial_regularized_ridge	ipw_grouped_binomial_period_weights	coefficient	C(program_formulation_class_concurrent, Treatment(reference='wp_only_or_pre_ap'))[T.routine_ap_mixed]	routine_ap_mixed	wp_only_or_pre_ap	log_odds	-0.3483250305366642					programme_surveillance_design_upgrade;headline_focus=surveillance_heterogeneity_not_causal_policy_effect;sampling_covariates_are_diagnostics_not_policy_mechanisms;response=ipw;penalized_support=true	routine_ap_mixed vs wp_only_or_pre_ap	missing	0.7058694098115247			True	regularized_ridge	programme_surveillance_design_upgrade;headline_focus=surveillance_heterogeneity_not_causal_policy_effect;sampling_covariates_are_diagnostics_not_policy_mechanisms;response=ipw;penalized_support=true
programme_country_period_5y_leave_one_out_BRA	programme_country_period_5y	leave_one_country_out	programme_only	ipw	program_formulation_class_concurrent	BRA	exclude_country=BRA	17	10	2000-2024	statsmodels_glm_binomial_cluster	ipw_grouped_binomial_period_weights	coefficient	C(program_formulation_class_concurrent, Treatment(reference='wp_only_or_pre_ap'))[T.routine_ap_mixed]	routine_ap_mixed	wp_only_or_pre_ap	log_odds	-4.157188604641911	-11.30293816072765	2.9885609514438256	0.2541734930849065	0.2541734930849065	programme_surveillance_design_upgrade;headline_focus=surveillance_heterogeneity_not_causal_policy_effect;sampling_covariates_are_diagnostics_not_policy_mechanisms;response=ipw;exposure=concurrent_programme_class;leave_one_country_out=BRA	routine_ap_mixed vs wp_only_or_pre_ap	extreme_or_quasi_separated	0.015651498674344493		19.857086609253116	True	cluster	programme_surveillance_design_upgrade;headline_focus=surveillance_heterogeneity_not_causal_policy_effect;sampling_covariates_are_diagnostics_not_policy_mechanisms;response=ipw;exposure=concurrent_programme_class;leave_one_country_out=BRA
programme_country_period_5y_leave_one_out_CHN	programme_country_period_5y	leave_one_country_out	programme_only	ipw	program_formulation_class_concurrent	CHN	exclude_country=CHN	17	10	2000-2024	statsmodels_glm_binomial_cluster	ipw_grouped_binomial_period_weights	coefficient	C(program_formulation_class_concurrent, Treatment(reference='wp_only_or_pre_ap'))[T.routine_ap_mixed]	routine_ap_mixed	wp_only_or_pre_ap	log_odds	0.574192672596328	-3.9264281630989615	5.0748135082916175	0.8025422560425325	0.8025422560425325	programme_surveillance_design_upgrade;headline_focus=surveillance_heterogeneity_not_causal_policy_effect;sampling_covariates_are_diagnostics_not_policy_mechanisms;response=ipw;exposure=concurrent_programme_class;leave_one_country_out=CHN	routine_ap_mixed vs wp_only_or_pre_ap	imprecise_crosses_null	1.775696379730815	0.019713962004060163	159.94236127368666	True	cluster	programme_surveillance_design_upgrade;headline_focus=surveillance_heterogeneity_not_causal_policy_effect;sampling_covariates_are_diagnostics_not_policy_mechanisms;response=ipw;exposure=concurrent_programme_class;leave_one_country_out=CHN
programme_country_period_5y_leave_one_out_CZE	programme_country_period_5y	leave_one_country_out	programme_only	ipw	program_formulation_class_concurrent	CZE	exclude_country=CZE	17	10	2000-2024	statsmodels_glm_binomial_cluster	ipw_grouped_binomial_period_weights	coefficient	C(program_formulation_class_concurrent, Treatment(reference='wp_only_or_pre_ap'))[T.routine_ap_mixed]	routine_ap_mixed	wp_only_or_pre_ap	log_odds	-0.1675069796352224	-8.03879422290784	7.703780263637396	0.9667296502097114	0.9667296502097116	programme_surveillance_design_upgrade;headline_focus=surveillance_heterogeneity_not_causal_policy_effect;sampling_covariates_are_diagnostics_not_policy_mechanisms;response=ipw;exposure=concurrent_programme_class;leave_one_country_out=CZE	routine_ap_mixed vs wp_only_or_pre_ap	imprecise_crosses_null	0.8457707140971769	0.0003226978172641035	2216.7119284820183	True	cluster	programme_surveillance_design_upgrade;headline_focus=surveillance_heterogeneity_not_causal_policy_effect;sampling_covariates_are_diagnostics_not_policy_mechanisms;response=ipw;exposure=concurrent_programme_class;leave_one_country_out=CZE
programme_country_period_5y_leave_one_out_FRA	programme_country_period_5y	leave_one_country_out	programme_only	ipw	program_formulation_class_concurrent	FRA	exclude_country=FRA	17	10	2000-2024	statsmodels_glm_binomial_cluster	ipw_grouped_binomial_period_weights	coefficient	C(program_formulation_class_concurrent, Treatment(reference='wp_only_or_pre_ap'))[T.routine_ap_mixed]	routine_ap_mixed	wp_only_or_pre_ap	log_odds	4.128798543287377	-3.4464380733469886	11.70403515992174	0.2853959315748899	0.332961920170705	programme_surveillance_design_upgrade;headline_focus=surveillance_heterogeneity_not_causal_policy_effect;sampling_covariates_are_diagnostics_not_policy_mechanisms;response=ipw;exposure=concurrent_programme_class;leave_one_country_out=FRA	routine_ap_mixed vs wp_only_or_pre_ap	extreme_or_quasi_separated	62.103263710767635	0.03185891362926452		True	cluster	programme_surveillance_design_upgrade;headline_focus=surveillance_heterogeneity_not_causal_policy_effect;sampling_covariates_are_diagnostics_not_policy_mechanisms;response=ipw;exposure=concurrent_programme_class;leave_one_country_out=FRA
programme_country_period_5y_leave_one_out_GBR	programme_country_period_5y	leave_one_country_out	programme_only	ipw	program_formulation_class_concurrent	GBR	exclude_country=GBR	17	10	2000-2024	statsmodels_glm_binomial_cluster	ipw_grouped_binomial_period_weights	coefficient	C(program_formulation_class_concurrent, Treatment(reference='wp_only_or_pre_ap'))[T.routine_ap_mixed]	routine_ap_mixed	wp_only_or_pre_ap	log_odds	0.0166061972786106	-7.296668189356392	7.329880583913614	0.9964489807707552	0.9964489807707552	programme_surveillance_design_upgrade;headline_focus=surveillance_heterogeneity_not_causal_policy_effect;sampling_covariates_are_diagnostics_not_policy_mechanisms;response=ipw;exposure=concurrent_programme_class;leave_one_country_out=GBR	routine_ap_mixed vs wp_only_or_pre_ap	imprecise_crosses_null	1.0167448465886535	0.0006777932962081484	1525.199627744794	True	cluster	programme_surveillance_design_upgrade;headline_focus=surveillance_heterogeneity_not_causal_policy_effect;sampling_covariates_are_diagnostics_not_policy_mechanisms;response=ipw;exposure=concurrent_programme_class;leave_one_country_out=GBR
programme_country_period_5y_leave_one_out_GTM	programme_country_period_5y	leave_one_country_out	programme_only	ipw	program_formulation_class_concurrent	GTM	exclude_country=GTM	17	10	2000-2024	statsmodels_glm_binomial_cluster	ipw_grouped_binomial_period_weights	coefficient	C(program_formulation_class_concurrent, Treatment(reference='wp_only_or_pre_ap'))[T.routine_ap_mixed]	routine_ap_mixed	wp_only_or_pre_ap	log_odds	-2.3469824735530938	-7.942116723103281	3.2481517759970937	0.4109868504921541	0.4794846589075131	programme_surveillance_design_upgrade;headline_focus=surveillance_heterogeneity_not_causal_policy_effect;sampling_covariates_are_diagnostics_not_policy_mechanisms;response=ipw;exposure=concurrent_programme_class;leave_one_country_out=GTM	routine_ap_mixed vs wp_only_or_pre_ap	imprecise_crosses_null	0.09565737581213614	0.00035545328525665335	25.742717613813294	True	cluster	programme_surveillance_design_upgrade;headline_focus=surveillance_heterogeneity_not_causal_policy_effect;sampling_covariates_are_diagnostics_not_policy_mechanisms;response=ipw;exposure=concurrent_programme_class;leave_one_country_out=GTM
programme_country_period_5y_leave_one_out_IND	programme_country_period_5y	leave_one_country_out	programme_only	ipw	program_formulation_class_concurrent	IND	exclude_country=IND	17	10	2000-2024	statsmodels_glm_binomial_cluster	ipw_grouped_binomial_period_weights	coefficient	C(program_formulation_class_concurrent, Treatment(reference='wp_only_or_pre_ap'))[T.routine_ap_mixed]	routine_ap_mixed	wp_only_or_pre_ap	log_odds	0.4871620149433638	-7.31551060025124	8.289834630137968	0.9026035096879694	0.9026035096879694	programme_surveillance_design_upgrade;headline_focus=surveillance_heterogeneity_not_causal_policy_effect;sampling_covariates_are_diagnostics_not_policy_mechanisms;response=ipw;exposure=concurrent_programme_class;leave_one_country_out=IND	routine_ap_mixed vs wp_only_or_pre_ap	imprecise_crosses_null	1.627690298168718	0.0006651416049175411	3983.17544289087	True	cluster	programme_surveillance_design_upgrade;headline_focus=surveillance_heterogeneity_not_causal_policy_effect;sampling_covariates_are_diagnostics_not_policy_mechanisms;response=ipw;exposure=concurrent_programme_class;leave_one_country_out=IND
programme_country_period_5y_leave_one_out_JPN	programme_country_period_5y	leave_one_country_out	programme_only	ipw	program_formulation_class_concurrent	JPN	exclude_country=JPN	17	10	2000-2024	statsmodels_glm_binomial_cluster	ipw_grouped_binomial_period_weights	coefficient	C(program_formulation_class_concurrent, Treatment(reference='wp_only_or_pre_ap'))[T.routine_ap_mixed]	routine_ap_mixed	wp_only_or_pre_ap	log_odds	0.4453993675179546	-7.384762329677861	8.27556106471377	0.9112279942289896	0.9112279942289896	programme_surveillance_design_upgrade;headline_focus=surveillance_heterogeneity_not_causal_policy_effect;sampling_covariates_are_diagnostics_not_policy_mechanisms;response=ipw;exposure=concurrent_programme_class;leave_one_country_out=JPN	routine_ap_mixed vs wp_only_or_pre_ap	imprecise_crosses_null	1.561113529390272	0.0006206381533472365	3926.7251594212707	True	cluster	programme_surveillance_design_upgrade;headline_focus=surveillance_heterogeneity_not_causal_policy_effect;sampling_covariates_are_diagnostics_not_policy_mechanisms;response=ipw;exposure=concurrent_programme_class;leave_one_country_out=JPN
programme_country_period_5y_leave_one_out_NZL	programme_country_period_5y	leave_one_country_out	programme_only	ipw	program_formulation_class_concurrent	NZL	exclude_country=NZL	14	10	2000-2024	statsmodels_glm_binomial_cluster	ipw_grouped_binomial_period_weights	coefficient	C(program_formulation_class_concurrent, Treatment(reference='wp_only_or_pre_ap'))[T.routine_ap_mixed]	routine_ap_mixed	wp_only_or_pre_ap	log_odds	-0.7830320233253194	-10.031382428292677	8.465318381642039	0.8681980842684726	0.8681980842684726	programme_surveillance_design_upgrade;headline_focus=surveillance_heterogeneity_not_causal_policy_effect;sampling_covariates_are_diagnostics_not_policy_mechanisms;response=ipw;exposure=concurrent_programme_class;leave_one_country_out=NZL	routine_ap_mixed vs wp_only_or_pre_ap	extreme_or_quasi_separated	0.45701821855965097		4747.238604888111	True	cluster	programme_surveillance_design_upgrade;headline_focus=surveillance_heterogeneity_not_causal_policy_effect;sampling_covariates_are_diagnostics_not_policy_mechanisms;response=ipw;exposure=concurrent_programme_class;leave_one_country_out=NZL
programme_country_period_5y_leave_one_out_USA	programme_country_period_5y	leave_one_country_out	programme_only	ipw	program_formulation_class_concurrent	USA	exclude_country=USA	13	10	2000-2024	statsmodels_glm_binomial_cluster	ipw_grouped_binomial_period_weights	coefficient	C(program_formulation_class_concurrent, Treatment(reference='wp_only_or_pre_ap'))[T.routine_ap_mixed]	routine_ap_mixed	wp_only_or_pre_ap	log_odds	13.765163305561154	1.7305105216447425	25.799816089477567	0.0249719616799752	0.0537521447482367	programme_surveillance_design_upgrade;headline_focus=surveillance_heterogeneity_not_causal_policy_effect;sampling_covariates_are_diagnostics_not_policy_mechanisms;response=ipw;exposure=concurrent_programme_class;leave_one_country_out=USA	routine_ap_mixed vs wp_only_or_pre_ap	extreme_or_quasi_separated		5.6435343195326215		True	cluster	programme_surveillance_design_upgrade;headline_focus=surveillance_heterogeneity_not_causal_policy_effect;sampling_covariates_are_diagnostics_not_policy_mechanisms;response=ipw;exposure=concurrent_programme_class;leave_one_country_out=USA
programme_country_period_5y_leave_one_out_ZAF	programme_country_period_5y	leave_one_country_out	programme_only	ipw	program_formulation_class_concurrent	ZAF	exclude_country=ZAF	17	10	2000-2024	statsmodels_glm_binomial_cluster	ipw_grouped_binomial_period_weights	coefficient	C(program_formulation_class_concurrent, Treatment(reference='wp_only_or_pre_ap'))[T.routine_ap_mixed]	routine_ap_mixed	wp_only_or_pre_ap	log_odds	0.4453993675181473	-7.384762329677785	8.27556106471408	0.9112279942289528	0.9112279942289528	programme_surveillance_design_upgrade;headline_focus=surveillance_heterogeneity_not_causal_policy_effect;sampling_covariates_are_diagnostics_not_policy_mechanisms;response=ipw;exposure=concurrent_programme_class;leave_one_country_out=ZAF	routine_ap_mixed vs wp_only_or_pre_ap	imprecise_crosses_null	1.5611135293905727	0.0006206381533472839	3926.7251594224845	True	cluster	programme_surveillance_design_upgrade;headline_focus=surveillance_heterogeneity_not_causal_policy_effect;sampling_covariates_are_diagnostics_not_policy_mechanisms;response=ipw;exposure=concurrent_programme_class;leave_one_country_out=ZAF
programme_country_period_5y_primary_programme_only_naive	programme_country_period_5y	response_track_sensitivity	programme_only	naive	program_formulation_class_concurrent		all_primary_eligible_period_rows	18	11	2000-2024	statsmodels_glm_binomial_cluster	naive_grouped_binomial_interpretable_trials	coefficient	C(program_formulation_class_concurrent, Treatment(reference='wp_only_or_pre_ap'))[T.routine_ap_prn_negative]	routine_ap_prn_negative	wp_only_or_pre_ap	log_odds	-2.6098527107953178	-6.099582051872096	0.8798766302814602	0.1426976237306447	0.1997766732229025	programme_surveillance_design_upgrade;headline_focus=surveillance_heterogeneity_not_causal_policy_effect;sampling_covariates_are_diagnostics_not_policy_mechanisms;response=naive;exposure=concurrent_programme_class	routine_ap_prn_negative vs wp_only_or_pre_ap	imprecise_crosses_null	0.07354537540519701	0.002243805317770374	2.4106022927452995	True	cluster	programme_surveillance_design_upgrade;headline_focus=surveillance_heterogeneity_not_causal_policy_effect;sampling_covariates_are_diagnostics_not_policy_mechanisms;response=naive;exposure=concurrent_programme_class
programme_country_period_5y_primary_programme_only_boundary_lower	programme_country_period_5y	response_track_sensitivity	programme_only	boundary_lower	program_formulation_class_concurrent		all_primary_eligible_period_rows	18	11	2000-2024	statsmodels_glm_binomial_cluster	boundary_lower_total_genome_trials	coefficient	C(program_formulation_class_concurrent, Treatment(reference='wp_only_or_pre_ap'))[T.routine_ap_prn_negative]	routine_ap_prn_negative	wp_only_or_pre_ap	log_odds	-2.4003871563299244	-6.293089974057292	1.4923156613974435	0.2268127844340367	0.3175378982076514	programme_surveillance_design_upgrade;headline_focus=surveillance_heterogeneity_not_causal_policy_effect;sampling_covariates_are_diagnostics_not_policy_mechanisms;response=boundary_lower;exposure=concurrent_programme_class	routine_ap_prn_negative vs wp_only_or_pre_ap	imprecise_crosses_null	0.09068283805753949	0.00184903763219217	4.4473822354932375	True	cluster	programme_surveillance_design_upgrade;headline_focus=surveillance_heterogeneity_not_causal_policy_effect;sampling_covariates_are_diagnostics_not_policy_mechanisms;response=boundary_lower;exposure=concurrent_programme_class
programme_country_period_5y_primary_programme_only_boundary_upper	programme_country_period_5y	response_track_sensitivity	programme_only	boundary_upper	program_formulation_class_concurrent		all_primary_eligible_period_rows	18	11	2000-2024	statsmodels_glm_binomial_cluster	boundary_upper_total_genome_trials	coefficient	C(program_formulation_class_concurrent, Treatment(reference='wp_only_or_pre_ap'))[T.routine_ap_prn_negative]	routine_ap_prn_negative	wp_only_or_pre_ap	log_odds	-2.931675338209668	-5.466276209861368	-0.3970744665579677	0.0233867676598675	0.0818536868095363	programme_surveillance_design_upgrade;headline_focus=surveillance_heterogeneity_not_causal_policy_effect;sampling_covariates_are_diagnostics_not_policy_mechanisms;response=boundary_upper;exposure=concurrent_programme_class	routine_ap_prn_negative vs wp_only_or_pre_ap	stable_directional_signal	0.0533076549413641	0.004226943136817639	0.6722839610960538	True	cluster	programme_surveillance_design_upgrade;headline_focus=surveillance_heterogeneity_not_causal_policy_effect;sampling_covariates_are_diagnostics_not_policy_mechanisms;response=boundary_upper;exposure=concurrent_programme_class
programme_country_period_5y_ridge_penalized_programme_only_ipw	programme_country_period_5y	ridge_penalized_support	programme_only	ipw	program_formulation_class_concurrent		all_primary_eligible_period_rows	18	11	2000-2024	statsmodels_glm_binomial_regularized_ridge	ipw_grouped_binomial_period_weights	coefficient	C(program_formulation_class_concurrent, Treatment(reference='wp_only_or_pre_ap'))[T.routine_ap_prn_negative]	routine_ap_prn_negative	wp_only_or_pre_ap	log_odds	-2.60744545114114					programme_surveillance_design_upgrade;headline_focus=surveillance_heterogeneity_not_causal_policy_effect;sampling_covariates_are_diagnostics_not_policy_mechanisms;response=ipw;penalized_support=true	routine_ap_prn_negative vs wp_only_or_pre_ap	missing	0.0737226314852679			True	regularized_ridge	programme_surveillance_design_upgrade;headline_focus=surveillance_heterogeneity_not_causal_policy_effect;sampling_covariates_are_diagnostics_not_policy_mechanisms;response=ipw;penalized_support=true
programme_country_period_5y_leave_one_out_BRA	programme_country_period_5y	leave_one_country_out	programme_only	ipw	program_formulation_class_concurrent	BRA	exclude_country=BRA	17	10	2000-2024	statsmodels_glm_binomial_cluster	ipw_grouped_binomial_period_weights	coefficient	C(program_formulation_class_concurrent, Treatment(reference='wp_only_or_pre_ap'))[T.routine_ap_prn_negative]	routine_ap_prn_negative	wp_only_or_pre_ap	log_odds	-4.0074528461353465	-7.99960883946481	-0.0152968528058829	0.0491244228507391	0.0859677399887934	programme_surveillance_design_upgrade;headline_focus=surveillance_heterogeneity_not_causal_policy_effect;sampling_covariates_are_diagnostics_not_policy_mechanisms;response=ipw;exposure=concurrent_programme_class;leave_one_country_out=BRA	routine_ap_prn_negative vs wp_only_or_pre_ap	stable_directional_signal	0.018179642659203722	0.0003355938733109171	0.9848195497602026	True	cluster	programme_surveillance_design_upgrade;headline_focus=surveillance_heterogeneity_not_causal_policy_effect;sampling_covariates_are_diagnostics_not_policy_mechanisms;response=ipw;exposure=concurrent_programme_class;leave_one_country_out=BRA
programme_country_period_5y_leave_one_out_CHN	programme_country_period_5y	leave_one_country_out	programme_only	ipw	program_formulation_class_concurrent	CHN	exclude_country=CHN	17	10	2000-2024	statsmodels_glm_binomial_cluster	ipw_grouped_binomial_period_weights	coefficient	C(program_formulation_class_concurrent, Treatment(reference='wp_only_or_pre_ap'))[T.routine_ap_prn_negative]	routine_ap_prn_negative	wp_only_or_pre_ap	log_odds	-3.19077359974548	-7.171462647894378	0.7899154484034185	0.1161678421547798	0.2710582983611529	programme_surveillance_design_upgrade;headline_focus=surveillance_heterogeneity_not_causal_policy_effect;sampling_covariates_are_diagnostics_not_policy_mechanisms;response=ipw;exposure=concurrent_programme_class;leave_one_country_out=CHN	routine_ap_prn_negative vs wp_only_or_pre_ap	imprecise_crosses_null	0.04114003270680034	0.0007681983054741149	2.203210133445983	True	cluster	programme_surveillance_design_upgrade;headline_focus=surveillance_heterogeneity_not_causal_policy_effect;sampling_covariates_are_diagnostics_not_policy_mechanisms;response=ipw;exposure=concurrent_programme_class;leave_one_country_out=CHN
programme_country_period_5y_leave_one_out_CZE	programme_country_period_5y	leave_one_country_out	programme_only	ipw	program_formulation_class_concurrent	CZE	exclude_country=CZE	17	10	2000-2024	statsmodels_glm_binomial_cluster	ipw_grouped_binomial_period_weights	coefficient	C(program_formulation_class_concurrent, Treatment(reference='wp_only_or_pre_ap'))[T.routine_ap_prn_negative]	routine_ap_prn_negative	wp_only_or_pre_ap	log_odds	-2.855088769797705	-6.363090303277823	0.652912763682413	0.1106668851768581	0.1996283656818877	programme_surveillance_design_upgrade;headline_focus=surveillance_heterogeneity_not_causal_policy_effect;sampling_covariates_are_diagnostics_not_policy_mechanisms;response=ipw;exposure=concurrent_programme_class;leave_one_country_out=CZE	routine_ap_prn_negative vs wp_only_or_pre_ap	imprecise_crosses_null	0.05755071212905784	0.0017240306934431131	1.9211284805765392	True	cluster	programme_surveillance_design_upgrade;headline_focus=surveillance_heterogeneity_not_causal_policy_effect;sampling_covariates_are_diagnostics_not_policy_mechanisms;response=ipw;exposure=concurrent_programme_class;leave_one_country_out=CZE
programme_country_period_5y_leave_one_out_FRA	programme_country_period_5y	leave_one_country_out	programme_only	ipw	program_formulation_class_concurrent	FRA	exclude_country=FRA	17	10	2000-2024	statsmodels_glm_binomial_cluster	ipw_grouped_binomial_period_weights	coefficient	C(program_formulation_class_concurrent, Treatment(reference='wp_only_or_pre_ap'))[T.routine_ap_prn_negative]	routine_ap_prn_negative	wp_only_or_pre_ap	log_odds	-2.5691219716518736	-6.479195574809856	1.3409516315061087	0.1978079093614519	0.2769310731060327	programme_surveillance_design_upgrade;headline_focus=surveillance_heterogeneity_not_causal_policy_effect;sampling_covariates_are_diagnostics_not_policy_mechanisms;response=ipw;exposure=concurrent_programme_class;leave_one_country_out=FRA	routine_ap_prn_negative vs wp_only_or_pre_ap	imprecise_crosses_null	0.07660277531298809	0.0015350450116692778	3.8226795573056327	True	cluster	programme_surveillance_design_upgrade;headline_focus=surveillance_heterogeneity_not_causal_policy_effect;sampling_covariates_are_diagnostics_not_policy_mechanisms;response=ipw;exposure=concurrent_programme_class;leave_one_country_out=FRA
programme_country_period_5y_leave_one_out_GBR	programme_country_period_5y	leave_one_country_out	programme_only	ipw	program_formulation_class_concurrent	GBR	exclude_country=GBR	17	10	2000-2024	statsmodels_glm_binomial_cluster	ipw_grouped_binomial_period_weights	coefficient	C(program_formulation_class_concurrent, Treatment(reference='wp_only_or_pre_ap'))[T.routine_ap_prn_negative]	routine_ap_prn_negative	wp_only_or_pre_ap	log_odds	-2.681790523113253	-6.017658725468213	0.654077679241706	0.1150962085834968	0.2014183650211195	programme_surveillance_design_upgrade;headline_focus=surveillance_heterogeneity_not_causal_policy_effect;sampling_covariates_are_diagnostics_not_policy_mechanisms;response=ipw;exposure=concurrent_programme_class;leave_one_country_out=GBR	routine_ap_prn_negative vs wp_only_or_pre_ap	imprecise_crosses_null	0.06844050008229137	0.0024353647829657805	1.9233677370540918	True	cluster	programme_surveillance_design_upgrade;headline_focus=surveillance_heterogeneity_not_causal_policy_effect;sampling_covariates_are_diagnostics_not_policy_mechanisms;response=ipw;exposure=concurrent_programme_class;leave_one_country_out=GBR
programme_country_period_5y_leave_one_out_GTM	programme_country_period_5y	leave_one_country_out	programme_only	ipw	program_formulation_class_concurrent	GTM	exclude_country=GTM	17	10	2000-2024	statsmodels_glm_binomial_cluster	ipw_grouped_binomial_period_weights	coefficient	C(program_formulation_class_concurrent, Treatment(reference='wp_only_or_pre_ap'))[T.routine_ap_prn_negative]	routine_ap_prn_negative	wp_only_or_pre_ap	log_odds	-5.020323618343298	-10.305666887688368	0.2650196510017713	0.0626424340076999	0.1096242595134749	programme_surveillance_design_upgrade;headline_focus=surveillance_heterogeneity_not_causal_policy_effect;sampling_covariates_are_diagnostics_not_policy_mechanisms;response=ipw;exposure=concurrent_programme_class;leave_one_country_out=GTM	routine_ap_prn_negative vs wp_only_or_pre_ap	extreme_or_quasi_separated	0.006602389709127754		1.3034565897544519	True	cluster	programme_surveillance_design_upgrade;headline_focus=surveillance_heterogeneity_not_causal_policy_effect;sampling_covariates_are_diagnostics_not_policy_mechanisms;response=ipw;exposure=concurrent_programme_class;leave_one_country_out=GTM
programme_country_period_5y_leave_one_out_IND	programme_country_period_5y	leave_one_country_out	programme_only	ipw	program_formulation_class_concurrent	IND	exclude_country=IND	17	10	2000-2024	statsmodels_glm_binomial_cluster	ipw_grouped_binomial_period_weights	coefficient	C(program_formulation_class_concurrent, Treatment(reference='wp_only_or_pre_ap'))[T.routine_ap_prn_negative]	routine_ap_prn_negative	wp_only_or_pre_ap	log_odds	-2.186179129846834	-5.137974677421486	0.7656164177278182	0.1466048778366538	0.2052468289713154	programme_surveillance_design_upgrade;headline_focus=surveillance_heterogeneity_not_causal_policy_effect;sampling_covariates_are_diagnostics_not_policy_mechanisms;response=ipw;exposure=concurrent_programme_class;leave_one_country_out=IND	routine_ap_prn_negative vs wp_only_or_pre_ap	imprecise_crosses_null	0.11234518596226076	0.00586956544660588	2.150319461246214	True	cluster	programme_surveillance_design_upgrade;headline_focus=surveillance_heterogeneity_not_causal_policy_effect;sampling_covariates_are_diagnostics_not_policy_mechanisms;response=ipw;exposure=concurrent_programme_class;leave_one_country_out=IND
programme_country_period_5y_leave_one_out_JPN	programme_country_period_5y	leave_one_country_out	programme_only	ipw	program_formulation_class_concurrent	JPN	exclude_country=JPN	17	10	2000-2024	statsmodels_glm_binomial_cluster	ipw_grouped_binomial_period_weights	coefficient	C(program_formulation_class_concurrent, Treatment(reference='wp_only_or_pre_ap'))[T.routine_ap_prn_negative]	routine_ap_prn_negative	wp_only_or_pre_ap	log_odds	-4.13858573652634	-7.5026308222093725	-0.7745406508433077	0.0158969836680379	0.0556394428381328	programme_surveillance_design_upgrade;headline_focus=surveillance_heterogeneity_not_causal_policy_effect;sampling_covariates_are_diagnostics_not_policy_mechanisms;response=ipw;exposure=concurrent_programme_class;leave_one_country_out=JPN	routine_ap_prn_negative vs wp_only_or_pre_ap	stable_directional_signal	0.015945386543276027	0.0005516312158366436	0.4609154535043241	True	cluster	programme_surveillance_design_upgrade;headline_focus=surveillance_heterogeneity_not_causal_policy_effect;sampling_covariates_are_diagnostics_not_policy_mechanisms;response=ipw;exposure=concurrent_programme_class;leave_one_country_out=JPN
programme_country_period_5y_leave_one_out_NZL	programme_country_period_5y	leave_one_country_out	programme_only	ipw	program_formulation_class_concurrent	NZL	exclude_country=NZL	14	10	2000-2024	statsmodels_glm_binomial_cluster	ipw_grouped_binomial_period_weights	coefficient	C(program_formulation_class_concurrent, Treatment(reference='wp_only_or_pre_ap'))[T.routine_ap_prn_negative]	routine_ap_prn_negative	wp_only_or_pre_ap	log_odds	-3.215416936110508	-7.499343127400855	1.0685092551798396	0.141255656718541	0.2288952932785221	programme_surveillance_design_upgrade;headline_focus=surveillance_heterogeneity_not_causal_policy_effect;sampling_covariates_are_diagnostics_not_policy_mechanisms;response=ipw;exposure=concurrent_programme_class;leave_one_country_out=NZL	routine_ap_prn_negative vs wp_only_or_pre_ap	imprecise_crosses_null	0.04013859510465412	0.0005534477954645977	2.9110366509327297	True	cluster	programme_surveillance_design_upgrade;headline_focus=surveillance_heterogeneity_not_causal_policy_effect;sampling_covariates_are_diagnostics_not_policy_mechanisms;response=ipw;exposure=concurrent_programme_class;leave_one_country_out=NZL
programme_country_period_5y_leave_one_out_USA	programme_country_period_5y	leave_one_country_out	programme_only	ipw	program_formulation_class_concurrent	USA	exclude_country=USA	13	10	2000-2024	statsmodels_glm_binomial_cluster	ipw_grouped_binomial_period_weights	coefficient	C(program_formulation_class_concurrent, Treatment(reference='wp_only_or_pre_ap'))[T.routine_ap_prn_negative]	routine_ap_prn_negative	wp_only_or_pre_ap	log_odds	8.17448196927966	-1.5886500661081104	17.93761400466743	0.100782851946357	0.1175799939374165	programme_surveillance_design_upgrade;headline_focus=surveillance_heterogeneity_not_causal_policy_effect;sampling_covariates_are_diagnostics_not_policy_mechanisms;response=ipw;exposure=concurrent_programme_class;leave_one_country_out=USA	routine_ap_prn_negative vs wp_only_or_pre_ap	extreme_or_quasi_separated	3549.2158447945053	0.20420108372157056		True	cluster	programme_surveillance_design_upgrade;headline_focus=surveillance_heterogeneity_not_causal_policy_effect;sampling_covariates_are_diagnostics_not_policy_mechanisms;response=ipw;exposure=concurrent_programme_class;leave_one_country_out=USA
programme_country_period_5y_leave_one_out_ZAF	programme_country_period_5y	leave_one_country_out	programme_only	ipw	program_formulation_class_concurrent	ZAF	exclude_country=ZAF	17	10	2000-2024	statsmodels_glm_binomial_cluster	ipw_grouped_binomial_period_weights	coefficient	C(program_formulation_class_concurrent, Treatment(reference='wp_only_or_pre_ap'))[T.routine_ap_prn_negative]	routine_ap_prn_negative	wp_only_or_pre_ap	log_odds	-0.8446112417156266	-4.9403422985069465	3.2511198150756933	0.686075789800505	0.8004217547672559	programme_surveillance_design_upgrade;headline_focus=surveillance_heterogeneity_not_causal_policy_effect;sampling_covariates_are_diagnostics_not_policy_mechanisms;response=ipw;exposure=concurrent_programme_class;leave_one_country_out=ZAF	routine_ap_prn_negative vs wp_only_or_pre_ap	imprecise_crosses_null	0.4297243846567108	0.0071521497830720655	25.81923650503728	True	cluster	programme_surveillance_design_upgrade;headline_focus=surveillance_heterogeneity_not_causal_policy_effect;sampling_covariates_are_diagnostics_not_policy_mechanisms;response=ipw;exposure=concurrent_programme_class;leave_one_country_out=ZAF
programme_country_period_5y_primary_programme_only_naive	programme_country_period_5y	response_track_sensitivity	programme_only	naive	program_formulation_class_concurrent		all_primary_eligible_period_rows	18	11	2000-2024	statsmodels_glm_binomial_cluster	naive_grouped_binomial_interpretable_trials	coefficient	C(program_formulation_class_concurrent, Treatment(reference='wp_only_or_pre_ap'))[T.routine_ap_prn_positive]	routine_ap_prn_positive	wp_only_or_pre_ap	log_odds	3.9253775703562894	1.0482421850371204	6.802512955675459	0.0074930702181633	0.0252329486993527	programme_surveillance_design_upgrade;headline_focus=surveillance_heterogeneity_not_causal_policy_effect;sampling_covariates_are_diagnostics_not_policy_mechanisms;response=naive;exposure=concurrent_programme_class	routine_ap_prn_positive vs wp_only_or_pre_ap	stable_directional_signal	50.67220677055847	2.852632308530696	900.1063794025254	True	cluster	programme_surveillance_design_upgrade;headline_focus=surveillance_heterogeneity_not_causal_policy_effect;sampling_covariates_are_diagnostics_not_policy_mechanisms;response=naive;exposure=concurrent_programme_class
programme_country_period_5y_primary_programme_only_boundary_lower	programme_country_period_5y	response_track_sensitivity	programme_only	boundary_lower	program_formulation_class_concurrent		all_primary_eligible_period_rows	18	11	2000-2024	statsmodels_glm_binomial_cluster	boundary_lower_total_genome_trials	coefficient	C(program_formulation_class_concurrent, Treatment(reference='wp_only_or_pre_ap'))[T.routine_ap_prn_positive]	routine_ap_prn_positive	wp_only_or_pre_ap	log_odds	4.471976090045308	0.961576303637731	7.982375876452885	0.012528871884036	0.0219255257970631	programme_surveillance_design_upgrade;headline_focus=surveillance_heterogeneity_not_causal_policy_effect;sampling_covariates_are_diagnostics_not_policy_mechanisms;response=boundary_lower;exposure=concurrent_programme_class	routine_ap_prn_positive vs wp_only_or_pre_ap	stable_directional_signal	87.52951843760783	2.6158165464647785	2928.8814646706687	True	cluster	programme_surveillance_design_upgrade;headline_focus=surveillance_heterogeneity_not_causal_policy_effect;sampling_covariates_are_diagnostics_not_policy_mechanisms;response=boundary_lower;exposure=concurrent_programme_class
programme_country_period_5y_primary_programme_only_boundary_upper	programme_country_period_5y	response_track_sensitivity	programme_only	boundary_upper	program_formulation_class_concurrent		all_primary_eligible_period_rows	18	11	2000-2024	statsmodels_glm_binomial_cluster	boundary_upper_total_genome_trials	coefficient	C(program_formulation_class_concurrent, Treatment(reference='wp_only_or_pre_ap'))[T.routine_ap_prn_positive]	routine_ap_prn_positive	wp_only_or_pre_ap	log_odds	1.316111755409179	-0.8606629575040778	3.492886468322436	0.2359991010775179	0.2753322845904376	programme_surveillance_design_upgrade;headline_focus=surveillance_heterogeneity_not_causal_policy_effect;sampling_covariates_are_diagnostics_not_policy_mechanisms;response=boundary_upper;exposure=concurrent_programme_class	routine_ap_prn_positive vs wp_only_or_pre_ap	imprecise_crosses_null	3.728894300056476	0.422881636811833	32.88072001854444	True	cluster	programme_surveillance_design_upgrade;headline_focus=surveillance_heterogeneity_not_causal_policy_effect;sampling_covariates_are_diagnostics_not_policy_mechanisms;response=boundary_upper;exposure=concurrent_programme_class
programme_country_period_5y_ridge_penalized_programme_only_ipw	programme_country_period_5y	ridge_penalized_support	programme_only	ipw	program_formulation_class_concurrent		all_primary_eligible_period_rows	18	11	2000-2024	statsmodels_glm_binomial_regularized_ridge	ipw_grouped_binomial_period_weights	coefficient	C(program_formulation_class_concurrent, Treatment(reference='wp_only_or_pre_ap'))[T.routine_ap_prn_positive]	routine_ap_prn_positive	wp_only_or_pre_ap	log_odds	1.7186578362828904					programme_surveillance_design_upgrade;headline_focus=surveillance_heterogeneity_not_causal_policy_effect;sampling_covariates_are_diagnostics_not_policy_mechanisms;response=ipw;penalized_support=true	routine_ap_prn_positive vs wp_only_or_pre_ap	missing	5.577038140538936			True	regularized_ridge	programme_surveillance_design_upgrade;headline_focus=surveillance_heterogeneity_not_causal_policy_effect;sampling_covariates_are_diagnostics_not_policy_mechanisms;response=ipw;penalized_support=true
programme_country_period_5y_leave_one_out_BRA	programme_country_period_5y	leave_one_country_out	programme_only	ipw	program_formulation_class_concurrent	BRA	exclude_country=BRA	17	10	2000-2024	statsmodels_glm_binomial_cluster	ipw_grouped_binomial_period_weights	coefficient	C(program_formulation_class_concurrent, Treatment(reference='wp_only_or_pre_ap'))[T.routine_ap_prn_positive]	routine_ap_prn_positive	wp_only_or_pre_ap	log_odds	2.7858195750421717	-1.46683661283803	7.038475762922372	0.1991587551136057	0.2541734930849065	programme_surveillance_design_upgrade;headline_focus=surveillance_heterogeneity_not_causal_policy_effect;sampling_covariates_are_diagnostics_not_policy_mechanisms;response=ipw;exposure=concurrent_programme_class;leave_one_country_out=BRA	routine_ap_prn_positive vs wp_only_or_pre_ap	imprecise_crosses_null	16.213100285404003	0.23065398016309607	1139.6491865377516	True	cluster	programme_surveillance_design_upgrade;headline_focus=surveillance_heterogeneity_not_causal_policy_effect;sampling_covariates_are_diagnostics_not_policy_mechanisms;response=ipw;exposure=concurrent_programme_class;leave_one_country_out=BRA
programme_country_period_5y_leave_one_out_CHN	programme_country_period_5y	leave_one_country_out	programme_only	ipw	program_formulation_class_concurrent	CHN	exclude_country=CHN	17	10	2000-2024	statsmodels_glm_binomial_cluster	ipw_grouped_binomial_period_weights	coefficient	C(program_formulation_class_concurrent, Treatment(reference='wp_only_or_pre_ap'))[T.routine_ap_prn_positive]	routine_ap_prn_positive	wp_only_or_pre_ap	log_odds	1.1311293548957213	-2.265649443641717	4.52790815343316	0.5139618490573941	0.5996221572336263	programme_surveillance_design_upgrade;headline_focus=surveillance_heterogeneity_not_causal_policy_effect;sampling_covariates_are_diagnostics_not_policy_mechanisms;response=ipw;exposure=concurrent_programme_class;leave_one_country_out=CHN	routine_ap_prn_positive vs wp_only_or_pre_ap	imprecise_crosses_null	3.0991545698578893	0.10376262467686825	92.56472721060834	True	cluster	programme_surveillance_design_upgrade;headline_focus=surveillance_heterogeneity_not_causal_policy_effect;sampling_covariates_are_diagnostics_not_policy_mechanisms;response=ipw;exposure=concurrent_programme_class;leave_one_country_out=CHN
programme_country_period_5y_leave_one_out_CZE	programme_country_period_5y	leave_one_country_out	programme_only	ipw	program_formulation_class_concurrent	CZE	exclude_country=CZE	17	10	2000-2024	statsmodels_glm_binomial_cluster	ipw_grouped_binomial_period_weights	coefficient	C(program_formulation_class_concurrent, Treatment(reference='wp_only_or_pre_ap'))[T.routine_ap_prn_positive]	routine_ap_prn_positive	wp_only_or_pre_ap	log_odds	3.768100881916745	-0.9552195777414108	8.491421341574899	0.1179068654430523	0.1996283656818877	programme_surveillance_design_upgrade;headline_focus=surveillance_heterogeneity_not_causal_policy_effect;sampling_covariates_are_diagnostics_not_policy_mechanisms;response=ipw;exposure=concurrent_programme_class;leave_one_country_out=CZE	routine_ap_prn_positive vs wp_only_or_pre_ap	imprecise_crosses_null	43.29775914911541	0.3847276576474716	4872.787048371239	True	cluster	programme_surveillance_design_upgrade;headline_focus=surveillance_heterogeneity_not_causal_policy_effect;sampling_covariates_are_diagnostics_not_policy_mechanisms;response=ipw;exposure=concurrent_programme_class;leave_one_country_out=CZE
programme_country_period_5y_leave_one_out_FRA	programme_country_period_5y	leave_one_country_out	programme_only	ipw	program_formulation_class_concurrent	FRA	exclude_country=FRA	17	10	2000-2024	statsmodels_glm_binomial_cluster	ipw_grouped_binomial_period_weights	coefficient	C(program_formulation_class_concurrent, Treatment(reference='wp_only_or_pre_ap'))[T.routine_ap_prn_positive]	routine_ap_prn_positive	wp_only_or_pre_ap	log_odds	7.249215159026702	1.7350138977657554	12.76341642028765	0.0099747470181457	0.0232744097090066	programme_surveillance_design_upgrade;headline_focus=surveillance_heterogeneity_not_causal_policy_effect;sampling_covariates_are_diagnostics_not_policy_mechanisms;response=ipw;exposure=concurrent_programme_class;leave_one_country_out=FRA	routine_ap_prn_positive vs wp_only_or_pre_ap	extreme_or_quasi_separated	1407.0001433906323	5.669006589783155		True	cluster	programme_surveillance_design_upgrade;headline_focus=surveillance_heterogeneity_not_causal_policy_effect;sampling_covariates_are_diagnostics_not_policy_mechanisms;response=ipw;exposure=concurrent_programme_class;leave_one_country_out=FRA
programme_country_period_5y_leave_one_out_GBR	programme_country_period_5y	leave_one_country_out	programme_only	ipw	program_formulation_class_concurrent	GBR	exclude_country=GBR	17	10	2000-2024	statsmodels_glm_binomial_cluster	ipw_grouped_binomial_period_weights	coefficient	C(program_formulation_class_concurrent, Treatment(reference='wp_only_or_pre_ap'))[T.routine_ap_prn_positive]	routine_ap_prn_positive	wp_only_or_pre_ap	log_odds	3.769466216073012	-0.817039659988612	8.355972092134635	0.107213333099424	0.2014183650211195	programme_surveillance_design_upgrade;headline_focus=surveillance_heterogeneity_not_causal_policy_effect;sampling_covariates_are_diagnostics_not_policy_mechanisms;response=ipw;exposure=concurrent_programme_class;leave_one_country_out=GBR	routine_ap_prn_positive vs wp_only_or_pre_ap	imprecise_crosses_null	43.356915433429656	0.4417374137471814	4255.519359239615	True	cluster	programme_surveillance_design_upgrade;headline_focus=surveillance_heterogeneity_not_causal_policy_effect;sampling_covariates_are_diagnostics_not_policy_mechanisms;response=ipw;exposure=concurrent_programme_class;leave_one_country_out=GBR
programme_country_period_5y_leave_one_out_GTM	programme_country_period_5y	leave_one_country_out	programme_only	ipw	program_formulation_class_concurrent	GTM	exclude_country=GTM	17	10	2000-2024	statsmodels_glm_binomial_cluster	ipw_grouped_binomial_period_weights	coefficient	C(program_formulation_class_concurrent, Treatment(reference='wp_only_or_pre_ap'))[T.routine_ap_prn_positive]	routine_ap_prn_positive	wp_only_or_pre_ap	log_odds	1.64352527012926	0.4007207002016886	2.886329840056831	0.0095428680084601	0.0222666920197404	programme_surveillance_design_upgrade;headline_focus=surveillance_heterogeneity_not_causal_policy_effect;sampling_covariates_are_diagnostics_not_policy_mechanisms;response=ipw;exposure=concurrent_programme_class;leave_one_country_out=GTM	routine_ap_prn_positive vs wp_only_or_pre_ap	stable_directional_signal	5.1733749480128575	1.4929002435282592	17.927392314890742	True	cluster	programme_surveillance_design_upgrade;headline_focus=surveillance_heterogeneity_not_causal_policy_effect;sampling_covariates_are_diagnostics_not_policy_mechanisms;response=ipw;exposure=concurrent_programme_class;leave_one_country_out=GTM
programme_country_period_5y_leave_one_out_IND	programme_country_period_5y	leave_one_country_out	programme_only	ipw	program_formulation_class_concurrent	IND	exclude_country=IND	17	10	2000-2024	statsmodels_glm_binomial_cluster	ipw_grouped_binomial_period_weights	coefficient	C(program_formulation_class_concurrent, Treatment(reference='wp_only_or_pre_ap'))[T.routine_ap_prn_positive]	routine_ap_prn_positive	wp_only_or_pre_ap	log_odds	4.477669758625726	-0.1201420874915282	9.07548160474298	0.0562898763893316	0.1313430449084405	programme_surveillance_design_upgrade;headline_focus=surveillance_heterogeneity_not_causal_policy_effect;sampling_covariates_are_diagnostics_not_policy_mechanisms;response=ipw;exposure=concurrent_programme_class;leave_one_country_out=IND	routine_ap_prn_positive vs wp_only_or_pre_ap	imprecise_crosses_null	88.02930396300255	0.8867944253696494	8738.393177179187	True	cluster	programme_surveillance_design_upgrade;headline_focus=surveillance_heterogeneity_not_causal_policy_effect;sampling_covariates_are_diagnostics_not_policy_mechanisms;response=ipw;exposure=concurrent_programme_class;leave_one_country_out=IND
programme_country_period_5y_leave_one_out_JPN	programme_country_period_5y	leave_one_country_out	programme_only	ipw	program_formulation_class_concurrent	JPN	exclude_country=JPN	17	10	2000-2024	statsmodels_glm_binomial_cluster	ipw_grouped_binomial_period_weights	coefficient	C(program_formulation_class_concurrent, Treatment(reference='wp_only_or_pre_ap'))[T.routine_ap_prn_positive]	routine_ap_prn_positive	wp_only_or_pre_ap	log_odds	3.8012209635797474	-0.9695621418591632	8.572004069018657	0.1183655403305885	0.1657117564628239	programme_surveillance_design_upgrade;headline_focus=surveillance_heterogeneity_not_causal_policy_effect;sampling_covariates_are_diagnostics_not_policy_mechanisms;response=ipw;exposure=concurrent_programme_class;leave_one_country_out=JPN	routine_ap_prn_positive vs wp_only_or_pre_ap	imprecise_crosses_null	44.75579634429486	0.3792490590418428	5281.704090374537	True	cluster	programme_surveillance_design_upgrade;headline_focus=surveillance_heterogeneity_not_causal_policy_effect;sampling_covariates_are_diagnostics_not_policy_mechanisms;response=ipw;exposure=concurrent_programme_class;leave_one_country_out=JPN
programme_country_period_5y_leave_one_out_NZL	programme_country_period_5y	leave_one_country_out	programme_only	ipw	program_formulation_class_concurrent	NZL	exclude_country=NZL	14	10	2000-2024	statsmodels_glm_binomial_cluster	ipw_grouped_binomial_period_weights	coefficient	C(program_formulation_class_concurrent, Treatment(reference='wp_only_or_pre_ap'))[T.routine_ap_prn_positive]	routine_ap_prn_positive	wp_only_or_pre_ap	log_odds	3.435873180749549	-1.397107880622756	8.268854242121854	0.1634966380560872	0.2288952932785221	programme_surveillance_design_upgrade;headline_focus=surveillance_heterogeneity_not_causal_policy_effect;sampling_covariates_are_diagnostics_not_policy_mechanisms;response=ipw;exposure=concurrent_programme_class;leave_one_country_out=NZL	routine_ap_prn_positive vs wp_only_or_pre_ap	imprecise_crosses_null	31.058520430922364	0.2473111841065484	3900.477428236454	True	cluster	programme_surveillance_design_upgrade;headline_focus=surveillance_heterogeneity_not_causal_policy_effect;sampling_covariates_are_diagnostics_not_policy_mechanisms;response=ipw;exposure=concurrent_programme_class;leave_one_country_out=NZL
programme_country_period_5y_leave_one_out_USA	programme_country_period_5y	leave_one_country_out	programme_only	ipw	program_formulation_class_concurrent	USA	exclude_country=USA	13	10	2000-2024	statsmodels_glm_binomial_cluster	ipw_grouped_binomial_period_weights	coefficient	C(program_formulation_class_concurrent, Treatment(reference='wp_only_or_pre_ap'))[T.routine_ap_prn_positive]	routine_ap_prn_positive	wp_only_or_pre_ap	log_odds	-1.0815872212027997	-5.277060514302539	3.113886071896939	0.6133584707232439	0.6133584707232439	programme_surveillance_design_upgrade;headline_focus=surveillance_heterogeneity_not_causal_policy_effect;sampling_covariates_are_diagnostics_not_policy_mechanisms;response=ipw;exposure=concurrent_programme_class;leave_one_country_out=USA	routine_ap_prn_positive vs wp_only_or_pre_ap	imprecise_crosses_null	0.33905693996663394	0.00510742194252054	22.508343707119757	True	cluster	programme_surveillance_design_upgrade;headline_focus=surveillance_heterogeneity_not_causal_policy_effect;sampling_covariates_are_diagnostics_not_policy_mechanisms;response=ipw;exposure=concurrent_programme_class;leave_one_country_out=USA
programme_country_period_5y_leave_one_out_ZAF	programme_country_period_5y	leave_one_country_out	programme_only	ipw	program_formulation_class_concurrent	ZAF	exclude_country=ZAF	17	10	2000-2024	statsmodels_glm_binomial_cluster	ipw_grouped_binomial_period_weights	coefficient	C(program_formulation_class_concurrent, Treatment(reference='wp_only_or_pre_ap'))[T.routine_ap_prn_positive]	routine_ap_prn_positive	wp_only_or_pre_ap	log_odds	3.801220963579961	-0.9695621418594316	8.572004069019354	0.118365540330605	0.2071396955785588	programme_surveillance_design_upgrade;headline_focus=surveillance_heterogeneity_not_causal_policy_effect;sampling_covariates_are_diagnostics_not_policy_mechanisms;response=ipw;exposure=concurrent_programme_class;leave_one_country_out=ZAF	routine_ap_prn_positive vs wp_only_or_pre_ap	imprecise_crosses_null	44.75579634430442	0.379249059041741	5281.704090378215	True	cluster	programme_surveillance_design_upgrade;headline_focus=surveillance_heterogeneity_not_causal_policy_effect;sampling_covariates_are_diagnostics_not_policy_mechanisms;response=ipw;exposure=concurrent_programme_class;leave_one_country_out=ZAF
