model_id	analysis_panel	sensitivity_label	model_spec	response_track	exposure_column	excluded_country_iso3	country_filter	n_rows	n_countries	year_window	model_family	weighting_scheme	result_type	estimate_term	program_class	reference_class	effect_scale	effect_estimate	ci_lower	ci_upper	p_value	q_value	q_value_scope	notes	estimate_stability
programme_country_period_5y_exclude_USA_programme_only_ipw	programme_country_period_5y	exclude_usa	programme_only	ipw	program_formulation_class_concurrent	USA	exclude_country=USA	13	10	2000-2024	statsmodels_fractional_logit_cluster	ipw_fractional_response_no_pseudotrials	adjusted_prevalence	adjusted_prevalence::routine_ap_mixed	routine_ap_mixed	wp_only_or_pre_ap	probability	0.1609925766674841					not_applicable_no_multiplicity_adjustment	programme_surveillance_design_upgrade;headline_focus=surveillance_heterogeneity_not_causal_policy_effect;sampling_covariates_are_diagnostics_not_policy_mechanisms;response=ipw;exposure=concurrent_programme_class;country_dependence_check=USA_excluded	missing
programme_country_period_5y_exclude_USA_programme_only_ipw	programme_country_period_5y	exclude_usa	programme_only	ipw	program_formulation_class_concurrent	USA	exclude_country=USA	13	10	2000-2024	statsmodels_fractional_logit_cluster	ipw_fractional_response_no_pseudotrials	adjusted_prevalence	adjusted_prevalence::routine_ap_prn_negative	routine_ap_prn_negative	wp_only_or_pre_ap	probability	0.0060261994420292					not_applicable_no_multiplicity_adjustment	programme_surveillance_design_upgrade;headline_focus=surveillance_heterogeneity_not_causal_policy_effect;sampling_covariates_are_diagnostics_not_policy_mechanisms;response=ipw;exposure=concurrent_programme_class;country_dependence_check=USA_excluded	missing
programme_country_period_5y_exclude_USA_programme_only_ipw	programme_country_period_5y	exclude_usa	programme_only	ipw	program_formulation_class_concurrent	USA	exclude_country=USA	13	10	2000-2024	statsmodels_fractional_logit_cluster	ipw_fractional_response_no_pseudotrials	adjusted_prevalence	adjusted_prevalence::routine_ap_prn_positive	routine_ap_prn_positive	wp_only_or_pre_ap	probability	0.4090810635003661					not_applicable_no_multiplicity_adjustment	programme_surveillance_design_upgrade;headline_focus=surveillance_heterogeneity_not_causal_policy_effect;sampling_covariates_are_diagnostics_not_policy_mechanisms;response=ipw;exposure=concurrent_programme_class;country_dependence_check=USA_excluded	missing
programme_country_period_5y_exclude_USA_programme_only_ipw	programme_country_period_5y	exclude_usa	programme_only	ipw	program_formulation_class_concurrent	USA	exclude_country=USA	13	10	2000-2024	statsmodels_fractional_logit_cluster	ipw_fractional_response_no_pseudotrials	adjusted_prevalence	adjusted_prevalence::wp_only_or_pre_ap	wp_only_or_pre_ap	wp_only_or_pre_ap	probability	7.877685824865395e-07					not_applicable_no_multiplicity_adjustment	programme_surveillance_design_upgrade;headline_focus=surveillance_heterogeneity_not_causal_policy_effect;sampling_covariates_are_diagnostics_not_policy_mechanisms;response=ipw;exposure=concurrent_programme_class;country_dependence_check=USA_excluded	missing
programme_country_period_5y_exclude_USA_programme_only_ipw	programme_country_period_5y	exclude_usa	programme_only	ipw	program_formulation_class_concurrent	USA	exclude_country=USA	13	10	2000-2024	statsmodels_fractional_logit_cluster	ipw_fractional_response_no_pseudotrials	adjusted_prevalence_difference	adjusted_prevalence_difference::routine_ap_mixed::wp_only_or_pre_ap	routine_ap_mixed	wp_only_or_pre_ap	probability_difference	0.1609917888989016					not_applicable_no_multiplicity_adjustment	programme_surveillance_design_upgrade;headline_focus=surveillance_heterogeneity_not_causal_policy_effect;sampling_covariates_are_diagnostics_not_policy_mechanisms;response=ipw;exposure=concurrent_programme_class;country_dependence_check=USA_excluded	missing
programme_country_period_5y_exclude_USA_programme_only_ipw	programme_country_period_5y	exclude_usa	programme_only	ipw	program_formulation_class_concurrent	USA	exclude_country=USA	13	10	2000-2024	statsmodels_fractional_logit_cluster	ipw_fractional_response_no_pseudotrials	adjusted_prevalence_difference	adjusted_prevalence_difference::routine_ap_prn_negative::wp_only_or_pre_ap	routine_ap_prn_negative	wp_only_or_pre_ap	probability_difference	0.0060254116734467					not_applicable_no_multiplicity_adjustment	programme_surveillance_design_upgrade;headline_focus=surveillance_heterogeneity_not_causal_policy_effect;sampling_covariates_are_diagnostics_not_policy_mechanisms;response=ipw;exposure=concurrent_programme_class;country_dependence_check=USA_excluded	missing
programme_country_period_5y_exclude_USA_programme_only_ipw	programme_country_period_5y	exclude_usa	programme_only	ipw	program_formulation_class_concurrent	USA	exclude_country=USA	13	10	2000-2024	statsmodels_fractional_logit_cluster	ipw_fractional_response_no_pseudotrials	adjusted_prevalence_difference	adjusted_prevalence_difference::routine_ap_prn_positive::wp_only_or_pre_ap	routine_ap_prn_positive	wp_only_or_pre_ap	probability_difference	0.4090802757317836					not_applicable_no_multiplicity_adjustment	programme_surveillance_design_upgrade;headline_focus=surveillance_heterogeneity_not_causal_policy_effect;sampling_covariates_are_diagnostics_not_policy_mechanisms;response=ipw;exposure=concurrent_programme_class;country_dependence_check=USA_excluded	missing
programme_country_period_5y_high_confidence_programme_only_ipw	programme_country_period_5y	high_confidence_only	programme_only	ipw	program_formulation_class_concurrent		formulation_confidence_period=high	13	6	2000-2024	statsmodels_fractional_logit_cluster	ipw_fractional_response_no_pseudotrials	adjusted_prevalence	adjusted_prevalence::routine_ap_prn_negative	routine_ap_prn_negative	wp_only_or_pre_ap	probability	0.0575127929711198					not_applicable_no_multiplicity_adjustment	programme_surveillance_design_upgrade;headline_focus=surveillance_heterogeneity_not_causal_policy_effect;sampling_covariates_are_diagnostics_not_policy_mechanisms;response=ipw;row_subset=high_confidence_only	missing
programme_country_period_5y_high_confidence_programme_only_ipw	programme_country_period_5y	high_confidence_only	programme_only	ipw	program_formulation_class_concurrent		formulation_confidence_period=high	13	6	2000-2024	statsmodels_fractional_logit_cluster	ipw_fractional_response_no_pseudotrials	adjusted_prevalence	adjusted_prevalence::routine_ap_prn_positive	routine_ap_prn_positive	wp_only_or_pre_ap	probability	0.4381491507998825					not_applicable_no_multiplicity_adjustment	programme_surveillance_design_upgrade;headline_focus=surveillance_heterogeneity_not_causal_policy_effect;sampling_covariates_are_diagnostics_not_policy_mechanisms;response=ipw;row_subset=high_confidence_only	missing
programme_country_period_5y_high_confidence_programme_only_ipw	programme_country_period_5y	high_confidence_only	programme_only	ipw	program_formulation_class_concurrent		formulation_confidence_period=high	13	6	2000-2024	statsmodels_fractional_logit_cluster	ipw_fractional_response_no_pseudotrials	adjusted_prevalence	adjusted_prevalence::wp_only_or_pre_ap	wp_only_or_pre_ap	wp_only_or_pre_ap	probability	1.1455010127856197e-10					not_applicable_no_multiplicity_adjustment	programme_surveillance_design_upgrade;headline_focus=surveillance_heterogeneity_not_causal_policy_effect;sampling_covariates_are_diagnostics_not_policy_mechanisms;response=ipw;row_subset=high_confidence_only	missing
programme_country_period_5y_high_confidence_programme_only_ipw	programme_country_period_5y	high_confidence_only	programme_only	ipw	program_formulation_class_concurrent		formulation_confidence_period=high	13	6	2000-2024	statsmodels_fractional_logit_cluster	ipw_fractional_response_no_pseudotrials	adjusted_prevalence_difference	adjusted_prevalence_difference::routine_ap_prn_negative::wp_only_or_pre_ap	routine_ap_prn_negative	wp_only_or_pre_ap	probability_difference	0.0575127928565697					not_applicable_no_multiplicity_adjustment	programme_surveillance_design_upgrade;headline_focus=surveillance_heterogeneity_not_causal_policy_effect;sampling_covariates_are_diagnostics_not_policy_mechanisms;response=ipw;row_subset=high_confidence_only	missing
programme_country_period_5y_high_confidence_programme_only_ipw	programme_country_period_5y	high_confidence_only	programme_only	ipw	program_formulation_class_concurrent		formulation_confidence_period=high	13	6	2000-2024	statsmodels_fractional_logit_cluster	ipw_fractional_response_no_pseudotrials	adjusted_prevalence_difference	adjusted_prevalence_difference::routine_ap_prn_positive::wp_only_or_pre_ap	routine_ap_prn_positive	wp_only_or_pre_ap	probability_difference	0.4381491506853324					not_applicable_no_multiplicity_adjustment	programme_surveillance_design_upgrade;headline_focus=surveillance_heterogeneity_not_causal_policy_effect;sampling_covariates_are_diagnostics_not_policy_mechanisms;response=ipw;row_subset=high_confidence_only	missing
programme_country_period_5y_lagged_programme_only_ipw	programme_country_period_5y	lagged_exposure	programme_only	ipw	program_formulation_class_lagged		lagged_class_available=true	16	11	2005-2024	statsmodels_fractional_logit_cluster	ipw_fractional_response_no_pseudotrials	adjusted_prevalence	adjusted_prevalence::routine_ap_mixed	routine_ap_mixed	wp_only_or_pre_ap	probability	0.1578867122684201					not_applicable_no_multiplicity_adjustment	programme_surveillance_design_upgrade;headline_focus=surveillance_heterogeneity_not_causal_policy_effect;sampling_covariates_are_diagnostics_not_policy_mechanisms;response=ipw;exposure=lagged_programme_class	missing
programme_country_period_5y_lagged_programme_only_ipw	programme_country_period_5y	lagged_exposure	programme_only	ipw	program_formulation_class_lagged		lagged_class_available=true	16	11	2005-2024	statsmodels_fractional_logit_cluster	ipw_fractional_response_no_pseudotrials	adjusted_prevalence	adjusted_prevalence::routine_ap_prn_negative	routine_ap_prn_negative	wp_only_or_pre_ap	probability	0.0121064049887632					not_applicable_no_multiplicity_adjustment	programme_surveillance_design_upgrade;headline_focus=surveillance_heterogeneity_not_causal_policy_effect;sampling_covariates_are_diagnostics_not_policy_mechanisms;response=ipw;exposure=lagged_programme_class	missing
programme_country_period_5y_lagged_programme_only_ipw	programme_country_period_5y	lagged_exposure	programme_only	ipw	program_formulation_class_lagged		lagged_class_available=true	16	11	2005-2024	statsmodels_fractional_logit_cluster	ipw_fractional_response_no_pseudotrials	adjusted_prevalence	adjusted_prevalence::routine_ap_prn_positive	routine_ap_prn_positive	wp_only_or_pre_ap	probability	0.4874572430397769					not_applicable_no_multiplicity_adjustment	programme_surveillance_design_upgrade;headline_focus=surveillance_heterogeneity_not_causal_policy_effect;sampling_covariates_are_diagnostics_not_policy_mechanisms;response=ipw;exposure=lagged_programme_class	missing
programme_country_period_5y_lagged_programme_only_ipw	programme_country_period_5y	lagged_exposure	programme_only	ipw	program_formulation_class_lagged		lagged_class_available=true	16	11	2005-2024	statsmodels_fractional_logit_cluster	ipw_fractional_response_no_pseudotrials	adjusted_prevalence	adjusted_prevalence::wp_only_or_pre_ap	wp_only_or_pre_ap	wp_only_or_pre_ap	probability	8.252288352078114e-09					not_applicable_no_multiplicity_adjustment	programme_surveillance_design_upgrade;headline_focus=surveillance_heterogeneity_not_causal_policy_effect;sampling_covariates_are_diagnostics_not_policy_mechanisms;response=ipw;exposure=lagged_programme_class	missing
programme_country_period_5y_lagged_programme_only_ipw	programme_country_period_5y	lagged_exposure	programme_only	ipw	program_formulation_class_lagged		lagged_class_available=true	16	11	2005-2024	statsmodels_fractional_logit_cluster	ipw_fractional_response_no_pseudotrials	adjusted_prevalence_difference	adjusted_prevalence_difference::routine_ap_mixed::wp_only_or_pre_ap	routine_ap_mixed	wp_only_or_pre_ap	probability_difference	0.1578867040161317					not_applicable_no_multiplicity_adjustment	programme_surveillance_design_upgrade;headline_focus=surveillance_heterogeneity_not_causal_policy_effect;sampling_covariates_are_diagnostics_not_policy_mechanisms;response=ipw;exposure=lagged_programme_class	missing
programme_country_period_5y_lagged_programme_only_ipw	programme_country_period_5y	lagged_exposure	programme_only	ipw	program_formulation_class_lagged		lagged_class_available=true	16	11	2005-2024	statsmodels_fractional_logit_cluster	ipw_fractional_response_no_pseudotrials	adjusted_prevalence_difference	adjusted_prevalence_difference::routine_ap_prn_negative::wp_only_or_pre_ap	routine_ap_prn_negative	wp_only_or_pre_ap	probability_difference	0.0121063967364748					not_applicable_no_multiplicity_adjustment	programme_surveillance_design_upgrade;headline_focus=surveillance_heterogeneity_not_causal_policy_effect;sampling_covariates_are_diagnostics_not_policy_mechanisms;response=ipw;exposure=lagged_programme_class	missing
programme_country_period_5y_lagged_programme_only_ipw	programme_country_period_5y	lagged_exposure	programme_only	ipw	program_formulation_class_lagged		lagged_class_available=true	16	11	2005-2024	statsmodels_fractional_logit_cluster	ipw_fractional_response_no_pseudotrials	adjusted_prevalence_difference	adjusted_prevalence_difference::routine_ap_prn_positive::wp_only_or_pre_ap	routine_ap_prn_positive	wp_only_or_pre_ap	probability_difference	0.4874572347874885					not_applicable_no_multiplicity_adjustment	programme_surveillance_design_upgrade;headline_focus=surveillance_heterogeneity_not_causal_policy_effect;sampling_covariates_are_diagnostics_not_policy_mechanisms;response=ipw;exposure=lagged_programme_class	missing
programme_country_period_5y_leave_one_out_BRA	programme_country_period_5y	leave_one_country_out	programme_only	ipw	program_formulation_class_concurrent	BRA	exclude_country=BRA	17	10	2000-2024	statsmodels_fractional_logit_cluster	ipw_fractional_response_no_pseudotrials	adjusted_prevalence	adjusted_prevalence::routine_ap_mixed	routine_ap_mixed	wp_only_or_pre_ap	probability	0.0166470224160368					not_applicable_no_multiplicity_adjustment	programme_surveillance_design_upgrade;headline_focus=surveillance_heterogeneity_not_causal_policy_effect;sampling_covariates_are_diagnostics_not_policy_mechanisms;response=ipw;exposure=concurrent_programme_class;leave_one_country_out=BRA	missing
programme_country_period_5y_leave_one_out_CHN	programme_country_period_5y	leave_one_country_out	programme_only	ipw	program_formulation_class_concurrent	CHN	exclude_country=CHN	17	10	2000-2024	statsmodels_fractional_logit_cluster	ipw_fractional_response_no_pseudotrials	adjusted_prevalence	adjusted_prevalence::routine_ap_mixed	routine_ap_mixed	wp_only_or_pre_ap	probability	0.2913361941757154					not_applicable_no_multiplicity_adjustment	programme_surveillance_design_upgrade;headline_focus=surveillance_heterogeneity_not_causal_policy_effect;sampling_covariates_are_diagnostics_not_policy_mechanisms;response=ipw;exposure=concurrent_programme_class;leave_one_country_out=CHN	missing
programme_country_period_5y_leave_one_out_CZE	programme_country_period_5y	leave_one_country_out	programme_only	ipw	program_formulation_class_concurrent	CZE	exclude_country=CZE	17	10	2000-2024	statsmodels_fractional_logit_cluster	ipw_fractional_response_no_pseudotrials	adjusted_prevalence	adjusted_prevalence::routine_ap_mixed	routine_ap_mixed	wp_only_or_pre_ap	probability	0.1456034553939416					not_applicable_no_multiplicity_adjustment	programme_surveillance_design_upgrade;headline_focus=surveillance_heterogeneity_not_causal_policy_effect;sampling_covariates_are_diagnostics_not_policy_mechanisms;response=ipw;exposure=concurrent_programme_class;leave_one_country_out=CZE	missing
programme_country_period_5y_leave_one_out_FRA	programme_country_period_5y	leave_one_country_out	programme_only	ipw	program_formulation_class_concurrent	FRA	exclude_country=FRA	17	10	2000-2024	statsmodels_fractional_logit_cluster	ipw_fractional_response_no_pseudotrials	adjusted_prevalence	adjusted_prevalence::routine_ap_mixed	routine_ap_mixed	wp_only_or_pre_ap	probability	0.3039406028064502					not_applicable_no_multiplicity_adjustment	programme_surveillance_design_upgrade;headline_focus=surveillance_heterogeneity_not_causal_policy_effect;sampling_covariates_are_diagnostics_not_policy_mechanisms;response=ipw;exposure=concurrent_programme_class;leave_one_country_out=FRA	missing
programme_country_period_5y_leave_one_out_GBR	programme_country_period_5y	leave_one_country_out	programme_only	ipw	program_formulation_class_concurrent	GBR	exclude_country=GBR	17	10	2000-2024	statsmodels_fractional_logit_cluster	ipw_fractional_response_no_pseudotrials	adjusted_prevalence	adjusted_prevalence::routine_ap_mixed	routine_ap_mixed	wp_only_or_pre_ap	probability	0.1454994631399267					not_applicable_no_multiplicity_adjustment	programme_surveillance_design_upgrade;headline_focus=surveillance_heterogeneity_not_causal_policy_effect;sampling_covariates_are_diagnostics_not_policy_mechanisms;response=ipw;exposure=concurrent_programme_class;leave_one_country_out=GBR	missing
programme_country_period_5y_leave_one_out_GTM	programme_country_period_5y	leave_one_country_out	programme_only	ipw	program_formulation_class_concurrent	GTM	exclude_country=GTM	17	10	2000-2024	statsmodels_fractional_logit_cluster	ipw_fractional_response_no_pseudotrials	adjusted_prevalence	adjusted_prevalence::routine_ap_mixed	routine_ap_mixed	wp_only_or_pre_ap	probability	0.1392225531460983					not_applicable_no_multiplicity_adjustment	programme_surveillance_design_upgrade;headline_focus=surveillance_heterogeneity_not_causal_policy_effect;sampling_covariates_are_diagnostics_not_policy_mechanisms;response=ipw;exposure=concurrent_programme_class;leave_one_country_out=GTM	missing
programme_country_period_5y_leave_one_out_IND	programme_country_period_5y	leave_one_country_out	programme_only	ipw	program_formulation_class_concurrent	IND	exclude_country=IND	17	10	2000-2024	statsmodels_fractional_logit_cluster	ipw_fractional_response_no_pseudotrials	adjusted_prevalence	adjusted_prevalence::routine_ap_mixed	routine_ap_mixed	wp_only_or_pre_ap	probability	0.138080922103865					not_applicable_no_multiplicity_adjustment	programme_surveillance_design_upgrade;headline_focus=surveillance_heterogeneity_not_causal_policy_effect;sampling_covariates_are_diagnostics_not_policy_mechanisms;response=ipw;exposure=concurrent_programme_class;leave_one_country_out=IND	missing
programme_country_period_5y_leave_one_out_JPN	programme_country_period_5y	leave_one_country_out	programme_only	ipw	program_formulation_class_concurrent	JPN	exclude_country=JPN	17	10	2000-2024	statsmodels_fractional_logit_cluster	ipw_fractional_response_no_pseudotrials	adjusted_prevalence	adjusted_prevalence::routine_ap_mixed	routine_ap_mixed	wp_only_or_pre_ap	probability	0.1170625074945496					not_applicable_no_multiplicity_adjustment	programme_surveillance_design_upgrade;headline_focus=surveillance_heterogeneity_not_causal_policy_effect;sampling_covariates_are_diagnostics_not_policy_mechanisms;response=ipw;exposure=concurrent_programme_class;leave_one_country_out=JPN	missing
programme_country_period_5y_leave_one_out_NZL	programme_country_period_5y	leave_one_country_out	programme_only	ipw	program_formulation_class_concurrent	NZL	exclude_country=NZL	14	10	2000-2024	statsmodels_fractional_logit_cluster	ipw_fractional_response_no_pseudotrials	adjusted_prevalence	adjusted_prevalence::routine_ap_mixed	routine_ap_mixed	wp_only_or_pre_ap	probability	0.1487197298975335					not_applicable_no_multiplicity_adjustment	programme_surveillance_design_upgrade;headline_focus=surveillance_heterogeneity_not_causal_policy_effect;sampling_covariates_are_diagnostics_not_policy_mechanisms;response=ipw;exposure=concurrent_programme_class;leave_one_country_out=NZL	missing
programme_country_period_5y_leave_one_out_USA	programme_country_period_5y	leave_one_country_out	programme_only	ipw	program_formulation_class_concurrent	USA	exclude_country=USA	13	10	2000-2024	statsmodels_fractional_logit_cluster	ipw_fractional_response_no_pseudotrials	adjusted_prevalence	adjusted_prevalence::routine_ap_mixed	routine_ap_mixed	wp_only_or_pre_ap	probability	0.1609925766674841					not_applicable_no_multiplicity_adjustment	programme_surveillance_design_upgrade;headline_focus=surveillance_heterogeneity_not_causal_policy_effect;sampling_covariates_are_diagnostics_not_policy_mechanisms;response=ipw;exposure=concurrent_programme_class;leave_one_country_out=USA	missing
programme_country_period_5y_leave_one_out_ZAF	programme_country_period_5y	leave_one_country_out	programme_only	ipw	program_formulation_class_concurrent	ZAF	exclude_country=ZAF	17	10	2000-2024	statsmodels_fractional_logit_cluster	ipw_fractional_response_no_pseudotrials	adjusted_prevalence	adjusted_prevalence::routine_ap_mixed	routine_ap_mixed	wp_only_or_pre_ap	probability	0.1392496493048805					not_applicable_no_multiplicity_adjustment	programme_surveillance_design_upgrade;headline_focus=surveillance_heterogeneity_not_causal_policy_effect;sampling_covariates_are_diagnostics_not_policy_mechanisms;response=ipw;exposure=concurrent_programme_class;leave_one_country_out=ZAF	missing
programme_country_period_5y_leave_one_out_BRA	programme_country_period_5y	leave_one_country_out	programme_only	ipw	program_formulation_class_concurrent	BRA	exclude_country=BRA	17	10	2000-2024	statsmodels_fractional_logit_cluster	ipw_fractional_response_no_pseudotrials	adjusted_prevalence	adjusted_prevalence::routine_ap_prn_negative	routine_ap_prn_negative	wp_only_or_pre_ap	probability	0.0120827342705646					not_applicable_no_multiplicity_adjustment	programme_surveillance_design_upgrade;headline_focus=surveillance_heterogeneity_not_causal_policy_effect;sampling_covariates_are_diagnostics_not_policy_mechanisms;response=ipw;exposure=concurrent_programme_class;leave_one_country_out=BRA	missing
programme_country_period_5y_leave_one_out_CHN	programme_country_period_5y	leave_one_country_out	programme_only	ipw	program_formulation_class_concurrent	CHN	exclude_country=CHN	17	10	2000-2024	statsmodels_fractional_logit_cluster	ipw_fractional_response_no_pseudotrials	adjusted_prevalence	adjusted_prevalence::routine_ap_prn_negative	routine_ap_prn_negative	wp_only_or_pre_ap	probability	0.0114017142317386					not_applicable_no_multiplicity_adjustment	programme_surveillance_design_upgrade;headline_focus=surveillance_heterogeneity_not_causal_policy_effect;sampling_covariates_are_diagnostics_not_policy_mechanisms;response=ipw;exposure=concurrent_programme_class;leave_one_country_out=CHN	missing
programme_country_period_5y_leave_one_out_CZE	programme_country_period_5y	leave_one_country_out	programme_only	ipw	program_formulation_class_concurrent	CZE	exclude_country=CZE	17	10	2000-2024	statsmodels_fractional_logit_cluster	ipw_fractional_response_no_pseudotrials	adjusted_prevalence	adjusted_prevalence::routine_ap_prn_negative	routine_ap_prn_negative	wp_only_or_pre_ap	probability	0.0104889680221291					not_applicable_no_multiplicity_adjustment	programme_surveillance_design_upgrade;headline_focus=surveillance_heterogeneity_not_causal_policy_effect;sampling_covariates_are_diagnostics_not_policy_mechanisms;response=ipw;exposure=concurrent_programme_class;leave_one_country_out=CZE	missing
programme_country_period_5y_leave_one_out_FRA	programme_country_period_5y	leave_one_country_out	programme_only	ipw	program_formulation_class_concurrent	FRA	exclude_country=FRA	17	10	2000-2024	statsmodels_fractional_logit_cluster	ipw_fractional_response_no_pseudotrials	adjusted_prevalence	adjusted_prevalence::routine_ap_prn_negative	routine_ap_prn_negative	wp_only_or_pre_ap	probability	0.0028151868311577					not_applicable_no_multiplicity_adjustment	programme_surveillance_design_upgrade;headline_focus=surveillance_heterogeneity_not_causal_policy_effect;sampling_covariates_are_diagnostics_not_policy_mechanisms;response=ipw;exposure=concurrent_programme_class;leave_one_country_out=FRA	missing
programme_country_period_5y_leave_one_out_GBR	programme_country_period_5y	leave_one_country_out	programme_only	ipw	program_formulation_class_concurrent	GBR	exclude_country=GBR	17	10	2000-2024	statsmodels_fractional_logit_cluster	ipw_fractional_response_no_pseudotrials	adjusted_prevalence	adjusted_prevalence::routine_ap_prn_negative	routine_ap_prn_negative	wp_only_or_pre_ap	probability	0.0111698170913542					not_applicable_no_multiplicity_adjustment	programme_surveillance_design_upgrade;headline_focus=surveillance_heterogeneity_not_causal_policy_effect;sampling_covariates_are_diagnostics_not_policy_mechanisms;response=ipw;exposure=concurrent_programme_class;leave_one_country_out=GBR	missing
programme_country_period_5y_leave_one_out_GTM	programme_country_period_5y	leave_one_country_out	programme_only	ipw	program_formulation_class_concurrent	GTM	exclude_country=GTM	17	10	2000-2024	statsmodels_fractional_logit_cluster	ipw_fractional_response_no_pseudotrials	adjusted_prevalence	adjusted_prevalence::routine_ap_prn_negative	routine_ap_prn_negative	wp_only_or_pre_ap	probability	0.0114995566747695					not_applicable_no_multiplicity_adjustment	programme_surveillance_design_upgrade;headline_focus=surveillance_heterogeneity_not_causal_policy_effect;sampling_covariates_are_diagnostics_not_policy_mechanisms;response=ipw;exposure=concurrent_programme_class;leave_one_country_out=GTM	missing
programme_country_period_5y_leave_one_out_IND	programme_country_period_5y	leave_one_country_out	programme_only	ipw	program_formulation_class_concurrent	IND	exclude_country=IND	17	10	2000-2024	statsmodels_fractional_logit_cluster	ipw_fractional_response_no_pseudotrials	adjusted_prevalence	adjusted_prevalence::routine_ap_prn_negative	routine_ap_prn_negative	wp_only_or_pre_ap	probability	0.0114355545221668					not_applicable_no_multiplicity_adjustment	programme_surveillance_design_upgrade;headline_focus=surveillance_heterogeneity_not_causal_policy_effect;sampling_covariates_are_diagnostics_not_policy_mechanisms;response=ipw;exposure=concurrent_programme_class;leave_one_country_out=IND	missing
programme_country_period_5y_leave_one_out_JPN	programme_country_period_5y	leave_one_country_out	programme_only	ipw	program_formulation_class_concurrent	JPN	exclude_country=JPN	17	10	2000-2024	statsmodels_fractional_logit_cluster	ipw_fractional_response_no_pseudotrials	adjusted_prevalence	adjusted_prevalence::routine_ap_prn_negative	routine_ap_prn_negative	wp_only_or_pre_ap	probability	4.326097347437955e-09					not_applicable_no_multiplicity_adjustment	programme_surveillance_design_upgrade;headline_focus=surveillance_heterogeneity_not_causal_policy_effect;sampling_covariates_are_diagnostics_not_policy_mechanisms;response=ipw;exposure=concurrent_programme_class;leave_one_country_out=JPN	missing
programme_country_period_5y_leave_one_out_NZL	programme_country_period_5y	leave_one_country_out	programme_only	ipw	program_formulation_class_concurrent	NZL	exclude_country=NZL	14	10	2000-2024	statsmodels_fractional_logit_cluster	ipw_fractional_response_no_pseudotrials	adjusted_prevalence	adjusted_prevalence::routine_ap_prn_negative	routine_ap_prn_negative	wp_only_or_pre_ap	probability	0.0163524471995167					not_applicable_no_multiplicity_adjustment	programme_surveillance_design_upgrade;headline_focus=surveillance_heterogeneity_not_causal_policy_effect;sampling_covariates_are_diagnostics_not_policy_mechanisms;response=ipw;exposure=concurrent_programme_class;leave_one_country_out=NZL	missing
programme_country_period_5y_leave_one_out_USA	programme_country_period_5y	leave_one_country_out	programme_only	ipw	program_formulation_class_concurrent	USA	exclude_country=USA	13	10	2000-2024	statsmodels_fractional_logit_cluster	ipw_fractional_response_no_pseudotrials	adjusted_prevalence	adjusted_prevalence::routine_ap_prn_negative	routine_ap_prn_negative	wp_only_or_pre_ap	probability	0.0060261994420292					not_applicable_no_multiplicity_adjustment	programme_surveillance_design_upgrade;headline_focus=surveillance_heterogeneity_not_causal_policy_effect;sampling_covariates_are_diagnostics_not_policy_mechanisms;response=ipw;exposure=concurrent_programme_class;leave_one_country_out=USA	missing
programme_country_period_5y_leave_one_out_ZAF	programme_country_period_5y	leave_one_country_out	programme_only	ipw	program_formulation_class_concurrent	ZAF	exclude_country=ZAF	17	10	2000-2024	statsmodels_fractional_logit_cluster	ipw_fractional_response_no_pseudotrials	adjusted_prevalence	adjusted_prevalence::routine_ap_prn_negative	routine_ap_prn_negative	wp_only_or_pre_ap	probability	0.0118540430272014					not_applicable_no_multiplicity_adjustment	programme_surveillance_design_upgrade;headline_focus=surveillance_heterogeneity_not_causal_policy_effect;sampling_covariates_are_diagnostics_not_policy_mechanisms;response=ipw;exposure=concurrent_programme_class;leave_one_country_out=ZAF	missing
programme_country_period_5y_leave_one_out_BRA	programme_country_period_5y	leave_one_country_out	programme_only	ipw	program_formulation_class_concurrent	BRA	exclude_country=BRA	17	10	2000-2024	statsmodels_fractional_logit_cluster	ipw_fractional_response_no_pseudotrials	adjusted_prevalence	adjusted_prevalence::routine_ap_prn_positive	routine_ap_prn_positive	wp_only_or_pre_ap	probability	0.491348314163432					not_applicable_no_multiplicity_adjustment	programme_surveillance_design_upgrade;headline_focus=surveillance_heterogeneity_not_causal_policy_effect;sampling_covariates_are_diagnostics_not_policy_mechanisms;response=ipw;exposure=concurrent_programme_class;leave_one_country_out=BRA	missing
programme_country_period_5y_leave_one_out_CHN	programme_country_period_5y	leave_one_country_out	programme_only	ipw	program_formulation_class_concurrent	CHN	exclude_country=CHN	17	10	2000-2024	statsmodels_fractional_logit_cluster	ipw_fractional_response_no_pseudotrials	adjusted_prevalence	adjusted_prevalence::routine_ap_prn_positive	routine_ap_prn_positive	wp_only_or_pre_ap	probability	0.3619607488571261					not_applicable_no_multiplicity_adjustment	programme_surveillance_design_upgrade;headline_focus=surveillance_heterogeneity_not_causal_policy_effect;sampling_covariates_are_diagnostics_not_policy_mechanisms;response=ipw;exposure=concurrent_programme_class;leave_one_country_out=CHN	missing
programme_country_period_5y_leave_one_out_CZE	programme_country_period_5y	leave_one_country_out	programme_only	ipw	program_formulation_class_concurrent	CZE	exclude_country=CZE	17	10	2000-2024	statsmodels_fractional_logit_cluster	ipw_fractional_response_no_pseudotrials	adjusted_prevalence	adjusted_prevalence::routine_ap_prn_positive	routine_ap_prn_positive	wp_only_or_pre_ap	probability	0.4592180372677975					not_applicable_no_multiplicity_adjustment	programme_surveillance_design_upgrade;headline_focus=surveillance_heterogeneity_not_causal_policy_effect;sampling_covariates_are_diagnostics_not_policy_mechanisms;response=ipw;exposure=concurrent_programme_class;leave_one_country_out=CZE	missing
programme_country_period_5y_leave_one_out_FRA	programme_country_period_5y	leave_one_country_out	programme_only	ipw	program_formulation_class_concurrent	FRA	exclude_country=FRA	17	10	2000-2024	statsmodels_fractional_logit_cluster	ipw_fractional_response_no_pseudotrials	adjusted_prevalence	adjusted_prevalence::routine_ap_prn_positive	routine_ap_prn_positive	wp_only_or_pre_ap	probability	0.4998117463561998					not_applicable_no_multiplicity_adjustment	programme_surveillance_design_upgrade;headline_focus=surveillance_heterogeneity_not_causal_policy_effect;sampling_covariates_are_diagnostics_not_policy_mechanisms;response=ipw;exposure=concurrent_programme_class;leave_one_country_out=FRA	missing
programme_country_period_5y_leave_one_out_GBR	programme_country_period_5y	leave_one_country_out	programme_only	ipw	program_formulation_class_concurrent	GBR	exclude_country=GBR	17	10	2000-2024	statsmodels_fractional_logit_cluster	ipw_fractional_response_no_pseudotrials	adjusted_prevalence	adjusted_prevalence::routine_ap_prn_positive	routine_ap_prn_positive	wp_only_or_pre_ap	probability	0.4568964568842406					not_applicable_no_multiplicity_adjustment	programme_surveillance_design_upgrade;headline_focus=surveillance_heterogeneity_not_causal_policy_effect;sampling_covariates_are_diagnostics_not_policy_mechanisms;response=ipw;exposure=concurrent_programme_class;leave_one_country_out=GBR	missing
programme_country_period_5y_leave_one_out_GTM	programme_country_period_5y	leave_one_country_out	programme_only	ipw	program_formulation_class_concurrent	GTM	exclude_country=GTM	17	10	2000-2024	statsmodels_fractional_logit_cluster	ipw_fractional_response_no_pseudotrials	adjusted_prevalence	adjusted_prevalence::routine_ap_prn_positive	routine_ap_prn_positive	wp_only_or_pre_ap	probability	0.4504577282088624					not_applicable_no_multiplicity_adjustment	programme_surveillance_design_upgrade;headline_focus=surveillance_heterogeneity_not_causal_policy_effect;sampling_covariates_are_diagnostics_not_policy_mechanisms;response=ipw;exposure=concurrent_programme_class;leave_one_country_out=GTM	missing
programme_country_period_5y_leave_one_out_IND	programme_country_period_5y	leave_one_country_out	programme_only	ipw	program_formulation_class_concurrent	IND	exclude_country=IND	17	10	2000-2024	statsmodels_fractional_logit_cluster	ipw_fractional_response_no_pseudotrials	adjusted_prevalence	adjusted_prevalence::routine_ap_prn_positive	routine_ap_prn_positive	wp_only_or_pre_ap	probability	0.4422054801768031					not_applicable_no_multiplicity_adjustment	programme_surveillance_design_upgrade;headline_focus=surveillance_heterogeneity_not_causal_policy_effect;sampling_covariates_are_diagnostics_not_policy_mechanisms;response=ipw;exposure=concurrent_programme_class;leave_one_country_out=IND	missing
programme_country_period_5y_leave_one_out_JPN	programme_country_period_5y	leave_one_country_out	programme_only	ipw	program_formulation_class_concurrent	JPN	exclude_country=JPN	17	10	2000-2024	statsmodels_fractional_logit_cluster	ipw_fractional_response_no_pseudotrials	adjusted_prevalence	adjusted_prevalence::routine_ap_prn_positive	routine_ap_prn_positive	wp_only_or_pre_ap	probability	0.4082759087486605					not_applicable_no_multiplicity_adjustment	programme_surveillance_design_upgrade;headline_focus=surveillance_heterogeneity_not_causal_policy_effect;sampling_covariates_are_diagnostics_not_policy_mechanisms;response=ipw;exposure=concurrent_programme_class;leave_one_country_out=JPN	missing
programme_country_period_5y_leave_one_out_NZL	programme_country_period_5y	leave_one_country_out	programme_only	ipw	program_formulation_class_concurrent	NZL	exclude_country=NZL	14	10	2000-2024	statsmodels_fractional_logit_cluster	ipw_fractional_response_no_pseudotrials	adjusted_prevalence	adjusted_prevalence::routine_ap_prn_positive	routine_ap_prn_positive	wp_only_or_pre_ap	probability	0.4453105924349561					not_applicable_no_multiplicity_adjustment	programme_surveillance_design_upgrade;headline_focus=surveillance_heterogeneity_not_causal_policy_effect;sampling_covariates_are_diagnostics_not_policy_mechanisms;response=ipw;exposure=concurrent_programme_class;leave_one_country_out=NZL	missing
programme_country_period_5y_leave_one_out_USA	programme_country_period_5y	leave_one_country_out	programme_only	ipw	program_formulation_class_concurrent	USA	exclude_country=USA	13	10	2000-2024	statsmodels_fractional_logit_cluster	ipw_fractional_response_no_pseudotrials	adjusted_prevalence	adjusted_prevalence::routine_ap_prn_positive	routine_ap_prn_positive	wp_only_or_pre_ap	probability	0.4090810635003661					not_applicable_no_multiplicity_adjustment	programme_surveillance_design_upgrade;headline_focus=surveillance_heterogeneity_not_causal_policy_effect;sampling_covariates_are_diagnostics_not_policy_mechanisms;response=ipw;exposure=concurrent_programme_class;leave_one_country_out=USA	missing
programme_country_period_5y_leave_one_out_ZAF	programme_country_period_5y	leave_one_country_out	programme_only	ipw	program_formulation_class_concurrent	ZAF	exclude_country=ZAF	17	10	2000-2024	statsmodels_fractional_logit_cluster	ipw_fractional_response_no_pseudotrials	adjusted_prevalence	adjusted_prevalence::routine_ap_prn_positive	routine_ap_prn_positive	wp_only_or_pre_ap	probability	0.4498183446711691					not_applicable_no_multiplicity_adjustment	programme_surveillance_design_upgrade;headline_focus=surveillance_heterogeneity_not_causal_policy_effect;sampling_covariates_are_diagnostics_not_policy_mechanisms;response=ipw;exposure=concurrent_programme_class;leave_one_country_out=ZAF	missing
programme_country_period_5y_leave_one_out_BRA	programme_country_period_5y	leave_one_country_out	programme_only	ipw	program_formulation_class_concurrent	BRA	exclude_country=BRA	17	10	2000-2024	statsmodels_fractional_logit_cluster	ipw_fractional_response_no_pseudotrials	adjusted_prevalence	adjusted_prevalence::wp_only_or_pre_ap	wp_only_or_pre_ap	wp_only_or_pre_ap	probability	5.929626148080802e-09					not_applicable_no_multiplicity_adjustment	programme_surveillance_design_upgrade;headline_focus=surveillance_heterogeneity_not_causal_policy_effect;sampling_covariates_are_diagnostics_not_policy_mechanisms;response=ipw;exposure=concurrent_programme_class;leave_one_country_out=BRA	missing
programme_country_period_5y_leave_one_out_CHN	programme_country_period_5y	leave_one_country_out	programme_only	ipw	program_formulation_class_concurrent	CHN	exclude_country=CHN	17	10	2000-2024	statsmodels_fractional_logit_cluster	ipw_fractional_response_no_pseudotrials	adjusted_prevalence	adjusted_prevalence::wp_only_or_pre_ap	wp_only_or_pre_ap	wp_only_or_pre_ap	probability	1.6469198831364656e-09					not_applicable_no_multiplicity_adjustment	programme_surveillance_design_upgrade;headline_focus=surveillance_heterogeneity_not_causal_policy_effect;sampling_covariates_are_diagnostics_not_policy_mechanisms;response=ipw;exposure=concurrent_programme_class;leave_one_country_out=CHN	missing
programme_country_period_5y_leave_one_out_CZE	programme_country_period_5y	leave_one_country_out	programme_only	ipw	program_formulation_class_concurrent	CZE	exclude_country=CZE	17	10	2000-2024	statsmodels_fractional_logit_cluster	ipw_fractional_response_no_pseudotrials	adjusted_prevalence	adjusted_prevalence::wp_only_or_pre_ap	wp_only_or_pre_ap	wp_only_or_pre_ap	probability	9.393780883774896e-09					not_applicable_no_multiplicity_adjustment	programme_surveillance_design_upgrade;headline_focus=surveillance_heterogeneity_not_causal_policy_effect;sampling_covariates_are_diagnostics_not_policy_mechanisms;response=ipw;exposure=concurrent_programme_class;leave_one_country_out=CZE	missing
programme_country_period_5y_leave_one_out_FRA	programme_country_period_5y	leave_one_country_out	programme_only	ipw	program_formulation_class_concurrent	FRA	exclude_country=FRA	17	10	2000-2024	statsmodels_fractional_logit_cluster	ipw_fractional_response_no_pseudotrials	adjusted_prevalence	adjusted_prevalence::wp_only_or_pre_ap	wp_only_or_pre_ap	wp_only_or_pre_ap	probability	3.277752939333612e-10					not_applicable_no_multiplicity_adjustment	programme_surveillance_design_upgrade;headline_focus=surveillance_heterogeneity_not_causal_policy_effect;sampling_covariates_are_diagnostics_not_policy_mechanisms;response=ipw;exposure=concurrent_programme_class;leave_one_country_out=FRA	missing
programme_country_period_5y_leave_one_out_GBR	programme_country_period_5y	leave_one_country_out	programme_only	ipw	program_formulation_class_concurrent	GBR	exclude_country=GBR	17	10	2000-2024	statsmodels_fractional_logit_cluster	ipw_fractional_response_no_pseudotrials	adjusted_prevalence	adjusted_prevalence::wp_only_or_pre_ap	wp_only_or_pre_ap	wp_only_or_pre_ap	probability	9.213212233497332e-09					not_applicable_no_multiplicity_adjustment	programme_surveillance_design_upgrade;headline_focus=surveillance_heterogeneity_not_causal_policy_effect;sampling_covariates_are_diagnostics_not_policy_mechanisms;response=ipw;exposure=concurrent_programme_class;leave_one_country_out=GBR	missing
programme_country_period_5y_leave_one_out_GTM	programme_country_period_5y	leave_one_country_out	programme_only	ipw	program_formulation_class_concurrent	GTM	exclude_country=GTM	17	10	2000-2024	statsmodels_fractional_logit_cluster	ipw_fractional_response_no_pseudotrials	adjusted_prevalence	adjusted_prevalence::wp_only_or_pre_ap	wp_only_or_pre_ap	wp_only_or_pre_ap	probability	6.9849046504468285e-09					not_applicable_no_multiplicity_adjustment	programme_surveillance_design_upgrade;headline_focus=surveillance_heterogeneity_not_causal_policy_effect;sampling_covariates_are_diagnostics_not_policy_mechanisms;response=ipw;exposure=concurrent_programme_class;leave_one_country_out=GTM	missing
programme_country_period_5y_leave_one_out_IND	programme_country_period_5y	leave_one_country_out	programme_only	ipw	program_formulation_class_concurrent	IND	exclude_country=IND	17	10	2000-2024	statsmodels_fractional_logit_cluster	ipw_fractional_response_no_pseudotrials	adjusted_prevalence	adjusted_prevalence::wp_only_or_pre_ap	wp_only_or_pre_ap	wp_only_or_pre_ap	probability	1.5350330197481362e-08					not_applicable_no_multiplicity_adjustment	programme_surveillance_design_upgrade;headline_focus=surveillance_heterogeneity_not_causal_policy_effect;sampling_covariates_are_diagnostics_not_policy_mechanisms;response=ipw;exposure=concurrent_programme_class;leave_one_country_out=IND	missing
programme_country_period_5y_leave_one_out_JPN	programme_country_period_5y	leave_one_country_out	programme_only	ipw	program_formulation_class_concurrent	JPN	exclude_country=JPN	17	10	2000-2024	statsmodels_fractional_logit_cluster	ipw_fractional_response_no_pseudotrials	adjusted_prevalence	adjusted_prevalence::wp_only_or_pre_ap	wp_only_or_pre_ap	wp_only_or_pre_ap	probability	2.976655601565003e-09					not_applicable_no_multiplicity_adjustment	programme_surveillance_design_upgrade;headline_focus=surveillance_heterogeneity_not_causal_policy_effect;sampling_covariates_are_diagnostics_not_policy_mechanisms;response=ipw;exposure=concurrent_programme_class;leave_one_country_out=JPN	missing
programme_country_period_5y_leave_one_out_NZL	programme_country_period_5y	leave_one_country_out	programme_only	ipw	program_formulation_class_concurrent	NZL	exclude_country=NZL	14	10	2000-2024	statsmodels_fractional_logit_cluster	ipw_fractional_response_no_pseudotrials	adjusted_prevalence	adjusted_prevalence::wp_only_or_pre_ap	wp_only_or_pre_ap	wp_only_or_pre_ap	probability	1.8298136791345448e-08					not_applicable_no_multiplicity_adjustment	programme_surveillance_design_upgrade;headline_focus=surveillance_heterogeneity_not_causal_policy_effect;sampling_covariates_are_diagnostics_not_policy_mechanisms;response=ipw;exposure=concurrent_programme_class;leave_one_country_out=NZL	missing
programme_country_period_5y_leave_one_out_USA	programme_country_period_5y	leave_one_country_out	programme_only	ipw	program_formulation_class_concurrent	USA	exclude_country=USA	13	10	2000-2024	statsmodels_fractional_logit_cluster	ipw_fractional_response_no_pseudotrials	adjusted_prevalence	adjusted_prevalence::wp_only_or_pre_ap	wp_only_or_pre_ap	wp_only_or_pre_ap	probability	7.877685824865395e-07					not_applicable_no_multiplicity_adjustment	programme_surveillance_design_upgrade;headline_focus=surveillance_heterogeneity_not_causal_policy_effect;sampling_covariates_are_diagnostics_not_policy_mechanisms;response=ipw;exposure=concurrent_programme_class;leave_one_country_out=USA	missing
programme_country_period_5y_leave_one_out_ZAF	programme_country_period_5y	leave_one_country_out	programme_only	ipw	program_formulation_class_concurrent	ZAF	exclude_country=ZAF	17	10	2000-2024	statsmodels_fractional_logit_cluster	ipw_fractional_response_no_pseudotrials	adjusted_prevalence	adjusted_prevalence::wp_only_or_pre_ap	wp_only_or_pre_ap	wp_only_or_pre_ap	probability	9.719751496047998e-09					not_applicable_no_multiplicity_adjustment	programme_surveillance_design_upgrade;headline_focus=surveillance_heterogeneity_not_causal_policy_effect;sampling_covariates_are_diagnostics_not_policy_mechanisms;response=ipw;exposure=concurrent_programme_class;leave_one_country_out=ZAF	missing
programme_country_period_5y_leave_one_out_BRA	programme_country_period_5y	leave_one_country_out	programme_only	ipw	program_formulation_class_concurrent	BRA	exclude_country=BRA	17	10	2000-2024	statsmodels_fractional_logit_cluster	ipw_fractional_response_no_pseudotrials	adjusted_prevalence_difference	adjusted_prevalence_difference::routine_ap_mixed::wp_only_or_pre_ap	routine_ap_mixed	wp_only_or_pre_ap	probability_difference	0.0166470164864106					not_applicable_no_multiplicity_adjustment	programme_surveillance_design_upgrade;headline_focus=surveillance_heterogeneity_not_causal_policy_effect;sampling_covariates_are_diagnostics_not_policy_mechanisms;response=ipw;exposure=concurrent_programme_class;leave_one_country_out=BRA	missing
programme_country_period_5y_leave_one_out_CHN	programme_country_period_5y	leave_one_country_out	programme_only	ipw	program_formulation_class_concurrent	CHN	exclude_country=CHN	17	10	2000-2024	statsmodels_fractional_logit_cluster	ipw_fractional_response_no_pseudotrials	adjusted_prevalence_difference	adjusted_prevalence_difference::routine_ap_mixed::wp_only_or_pre_ap	routine_ap_mixed	wp_only_or_pre_ap	probability_difference	0.2913361925287955					not_applicable_no_multiplicity_adjustment	programme_surveillance_design_upgrade;headline_focus=surveillance_heterogeneity_not_causal_policy_effect;sampling_covariates_are_diagnostics_not_policy_mechanisms;response=ipw;exposure=concurrent_programme_class;leave_one_country_out=CHN	missing
programme_country_period_5y_leave_one_out_CZE	programme_country_period_5y	leave_one_country_out	programme_only	ipw	program_formulation_class_concurrent	CZE	exclude_country=CZE	17	10	2000-2024	statsmodels_fractional_logit_cluster	ipw_fractional_response_no_pseudotrials	adjusted_prevalence_difference	adjusted_prevalence_difference::routine_ap_mixed::wp_only_or_pre_ap	routine_ap_mixed	wp_only_or_pre_ap	probability_difference	0.1456034460001607					not_applicable_no_multiplicity_adjustment	programme_surveillance_design_upgrade;headline_focus=surveillance_heterogeneity_not_causal_policy_effect;sampling_covariates_are_diagnostics_not_policy_mechanisms;response=ipw;exposure=concurrent_programme_class;leave_one_country_out=CZE	missing
programme_country_period_5y_leave_one_out_FRA	programme_country_period_5y	leave_one_country_out	programme_only	ipw	program_formulation_class_concurrent	FRA	exclude_country=FRA	17	10	2000-2024	statsmodels_fractional_logit_cluster	ipw_fractional_response_no_pseudotrials	adjusted_prevalence_difference	adjusted_prevalence_difference::routine_ap_mixed::wp_only_or_pre_ap	routine_ap_mixed	wp_only_or_pre_ap	probability_difference	0.3039406024786749					not_applicable_no_multiplicity_adjustment	programme_surveillance_design_upgrade;headline_focus=surveillance_heterogeneity_not_causal_policy_effect;sampling_covariates_are_diagnostics_not_policy_mechanisms;response=ipw;exposure=concurrent_programme_class;leave_one_country_out=FRA	missing
programme_country_period_5y_leave_one_out_GBR	programme_country_period_5y	leave_one_country_out	programme_only	ipw	program_formulation_class_concurrent	GBR	exclude_country=GBR	17	10	2000-2024	statsmodels_fractional_logit_cluster	ipw_fractional_response_no_pseudotrials	adjusted_prevalence_difference	adjusted_prevalence_difference::routine_ap_mixed::wp_only_or_pre_ap	routine_ap_mixed	wp_only_or_pre_ap	probability_difference	0.1454994539267145					not_applicable_no_multiplicity_adjustment	programme_surveillance_design_upgrade;headline_focus=surveillance_heterogeneity_not_causal_policy_effect;sampling_covariates_are_diagnostics_not_policy_mechanisms;response=ipw;exposure=concurrent_programme_class;leave_one_country_out=GBR	missing
programme_country_period_5y_leave_one_out_GTM	programme_country_period_5y	leave_one_country_out	programme_only	ipw	program_formulation_class_concurrent	GTM	exclude_country=GTM	17	10	2000-2024	statsmodels_fractional_logit_cluster	ipw_fractional_response_no_pseudotrials	adjusted_prevalence_difference	adjusted_prevalence_difference::routine_ap_mixed::wp_only_or_pre_ap	routine_ap_mixed	wp_only_or_pre_ap	probability_difference	0.1392225461611937					not_applicable_no_multiplicity_adjustment	programme_surveillance_design_upgrade;headline_focus=surveillance_heterogeneity_not_causal_policy_effect;sampling_covariates_are_diagnostics_not_policy_mechanisms;response=ipw;exposure=concurrent_programme_class;leave_one_country_out=GTM	missing
programme_country_period_5y_leave_one_out_IND	programme_country_period_5y	leave_one_country_out	programme_only	ipw	program_formulation_class_concurrent	IND	exclude_country=IND	17	10	2000-2024	statsmodels_fractional_logit_cluster	ipw_fractional_response_no_pseudotrials	adjusted_prevalence_difference	adjusted_prevalence_difference::routine_ap_mixed::wp_only_or_pre_ap	routine_ap_mixed	wp_only_or_pre_ap	probability_difference	0.1380809067535348					not_applicable_no_multiplicity_adjustment	programme_surveillance_design_upgrade;headline_focus=surveillance_heterogeneity_not_causal_policy_effect;sampling_covariates_are_diagnostics_not_policy_mechanisms;response=ipw;exposure=concurrent_programme_class;leave_one_country_out=IND	missing
programme_country_period_5y_leave_one_out_JPN	programme_country_period_5y	leave_one_country_out	programme_only	ipw	program_formulation_class_concurrent	JPN	exclude_country=JPN	17	10	2000-2024	statsmodels_fractional_logit_cluster	ipw_fractional_response_no_pseudotrials	adjusted_prevalence_difference	adjusted_prevalence_difference::routine_ap_mixed::wp_only_or_pre_ap	routine_ap_mixed	wp_only_or_pre_ap	probability_difference	0.117062504517894					not_applicable_no_multiplicity_adjustment	programme_surveillance_design_upgrade;headline_focus=surveillance_heterogeneity_not_causal_policy_effect;sampling_covariates_are_diagnostics_not_policy_mechanisms;response=ipw;exposure=concurrent_programme_class;leave_one_country_out=JPN	missing
programme_country_period_5y_leave_one_out_NZL	programme_country_period_5y	leave_one_country_out	programme_only	ipw	program_formulation_class_concurrent	NZL	exclude_country=NZL	14	10	2000-2024	statsmodels_fractional_logit_cluster	ipw_fractional_response_no_pseudotrials	adjusted_prevalence_difference	adjusted_prevalence_difference::routine_ap_mixed::wp_only_or_pre_ap	routine_ap_mixed	wp_only_or_pre_ap	probability_difference	0.1487197115993967					not_applicable_no_multiplicity_adjustment	programme_surveillance_design_upgrade;headline_focus=surveillance_heterogeneity_not_causal_policy_effect;sampling_covariates_are_diagnostics_not_policy_mechanisms;response=ipw;exposure=concurrent_programme_class;leave_one_country_out=NZL	missing
programme_country_period_5y_leave_one_out_USA	programme_country_period_5y	leave_one_country_out	programme_only	ipw	program_formulation_class_concurrent	USA	exclude_country=USA	13	10	2000-2024	statsmodels_fractional_logit_cluster	ipw_fractional_response_no_pseudotrials	adjusted_prevalence_difference	adjusted_prevalence_difference::routine_ap_mixed::wp_only_or_pre_ap	routine_ap_mixed	wp_only_or_pre_ap	probability_difference	0.1609917888989016					not_applicable_no_multiplicity_adjustment	programme_surveillance_design_upgrade;headline_focus=surveillance_heterogeneity_not_causal_policy_effect;sampling_covariates_are_diagnostics_not_policy_mechanisms;response=ipw;exposure=concurrent_programme_class;leave_one_country_out=USA	missing
programme_country_period_5y_leave_one_out_ZAF	programme_country_period_5y	leave_one_country_out	programme_only	ipw	program_formulation_class_concurrent	ZAF	exclude_country=ZAF	17	10	2000-2024	statsmodels_fractional_logit_cluster	ipw_fractional_response_no_pseudotrials	adjusted_prevalence_difference	adjusted_prevalence_difference::routine_ap_mixed::wp_only_or_pre_ap	routine_ap_mixed	wp_only_or_pre_ap	probability_difference	0.139249639585129					not_applicable_no_multiplicity_adjustment	programme_surveillance_design_upgrade;headline_focus=surveillance_heterogeneity_not_causal_policy_effect;sampling_covariates_are_diagnostics_not_policy_mechanisms;response=ipw;exposure=concurrent_programme_class;leave_one_country_out=ZAF	missing
programme_country_period_5y_leave_one_out_BRA	programme_country_period_5y	leave_one_country_out	programme_only	ipw	program_formulation_class_concurrent	BRA	exclude_country=BRA	17	10	2000-2024	statsmodels_fractional_logit_cluster	ipw_fractional_response_no_pseudotrials	adjusted_prevalence_difference	adjusted_prevalence_difference::routine_ap_prn_negative::wp_only_or_pre_ap	routine_ap_prn_negative	wp_only_or_pre_ap	probability_difference	0.0120827283409385					not_applicable_no_multiplicity_adjustment	programme_surveillance_design_upgrade;headline_focus=surveillance_heterogeneity_not_causal_policy_effect;sampling_covariates_are_diagnostics_not_policy_mechanisms;response=ipw;exposure=concurrent_programme_class;leave_one_country_out=BRA	missing
programme_country_period_5y_leave_one_out_CHN	programme_country_period_5y	leave_one_country_out	programme_only	ipw	program_formulation_class_concurrent	CHN	exclude_country=CHN	17	10	2000-2024	statsmodels_fractional_logit_cluster	ipw_fractional_response_no_pseudotrials	adjusted_prevalence_difference	adjusted_prevalence_difference::routine_ap_prn_negative::wp_only_or_pre_ap	routine_ap_prn_negative	wp_only_or_pre_ap	probability_difference	0.0114017125848187					not_applicable_no_multiplicity_adjustment	programme_surveillance_design_upgrade;headline_focus=surveillance_heterogeneity_not_causal_policy_effect;sampling_covariates_are_diagnostics_not_policy_mechanisms;response=ipw;exposure=concurrent_programme_class;leave_one_country_out=CHN	missing
programme_country_period_5y_leave_one_out_CZE	programme_country_period_5y	leave_one_country_out	programme_only	ipw	program_formulation_class_concurrent	CZE	exclude_country=CZE	17	10	2000-2024	statsmodels_fractional_logit_cluster	ipw_fractional_response_no_pseudotrials	adjusted_prevalence_difference	adjusted_prevalence_difference::routine_ap_prn_negative::wp_only_or_pre_ap	routine_ap_prn_negative	wp_only_or_pre_ap	probability_difference	0.0104889586283482					not_applicable_no_multiplicity_adjustment	programme_surveillance_design_upgrade;headline_focus=surveillance_heterogeneity_not_causal_policy_effect;sampling_covariates_are_diagnostics_not_policy_mechanisms;response=ipw;exposure=concurrent_programme_class;leave_one_country_out=CZE	missing
programme_country_period_5y_leave_one_out_FRA	programme_country_period_5y	leave_one_country_out	programme_only	ipw	program_formulation_class_concurrent	FRA	exclude_country=FRA	17	10	2000-2024	statsmodels_fractional_logit_cluster	ipw_fractional_response_no_pseudotrials	adjusted_prevalence_difference	adjusted_prevalence_difference::routine_ap_prn_negative::wp_only_or_pre_ap	routine_ap_prn_negative	wp_only_or_pre_ap	probability_difference	0.0028151865033824					not_applicable_no_multiplicity_adjustment	programme_surveillance_design_upgrade;headline_focus=surveillance_heterogeneity_not_causal_policy_effect;sampling_covariates_are_diagnostics_not_policy_mechanisms;response=ipw;exposure=concurrent_programme_class;leave_one_country_out=FRA	missing
programme_country_period_5y_leave_one_out_GBR	programme_country_period_5y	leave_one_country_out	programme_only	ipw	program_formulation_class_concurrent	GBR	exclude_country=GBR	17	10	2000-2024	statsmodels_fractional_logit_cluster	ipw_fractional_response_no_pseudotrials	adjusted_prevalence_difference	adjusted_prevalence_difference::routine_ap_prn_negative::wp_only_or_pre_ap	routine_ap_prn_negative	wp_only_or_pre_ap	probability_difference	0.011169807878142					not_applicable_no_multiplicity_adjustment	programme_surveillance_design_upgrade;headline_focus=surveillance_heterogeneity_not_causal_policy_effect;sampling_covariates_are_diagnostics_not_policy_mechanisms;response=ipw;exposure=concurrent_programme_class;leave_one_country_out=GBR	missing
programme_country_period_5y_leave_one_out_GTM	programme_country_period_5y	leave_one_country_out	programme_only	ipw	program_formulation_class_concurrent	GTM	exclude_country=GTM	17	10	2000-2024	statsmodels_fractional_logit_cluster	ipw_fractional_response_no_pseudotrials	adjusted_prevalence_difference	adjusted_prevalence_difference::routine_ap_prn_negative::wp_only_or_pre_ap	routine_ap_prn_negative	wp_only_or_pre_ap	probability_difference	0.0114995496898649					not_applicable_no_multiplicity_adjustment	programme_surveillance_design_upgrade;headline_focus=surveillance_heterogeneity_not_causal_policy_effect;sampling_covariates_are_diagnostics_not_policy_mechanisms;response=ipw;exposure=concurrent_programme_class;leave_one_country_out=GTM	missing
programme_country_period_5y_leave_one_out_IND	programme_country_period_5y	leave_one_country_out	programme_only	ipw	program_formulation_class_concurrent	IND	exclude_country=IND	17	10	2000-2024	statsmodels_fractional_logit_cluster	ipw_fractional_response_no_pseudotrials	adjusted_prevalence_difference	adjusted_prevalence_difference::routine_ap_prn_negative::wp_only_or_pre_ap	routine_ap_prn_negative	wp_only_or_pre_ap	probability_difference	0.0114355391718366					not_applicable_no_multiplicity_adjustment	programme_surveillance_design_upgrade;headline_focus=surveillance_heterogeneity_not_causal_policy_effect;sampling_covariates_are_diagnostics_not_policy_mechanisms;response=ipw;exposure=concurrent_programme_class;leave_one_country_out=IND	missing
programme_country_period_5y_leave_one_out_JPN	programme_country_period_5y	leave_one_country_out	programme_only	ipw	program_formulation_class_concurrent	JPN	exclude_country=JPN	17	10	2000-2024	statsmodels_fractional_logit_cluster	ipw_fractional_response_no_pseudotrials	adjusted_prevalence_difference	adjusted_prevalence_difference::routine_ap_prn_negative::wp_only_or_pre_ap	routine_ap_prn_negative	wp_only_or_pre_ap	probability_difference	1.3494417458729519e-09					not_applicable_no_multiplicity_adjustment	programme_surveillance_design_upgrade;headline_focus=surveillance_heterogeneity_not_causal_policy_effect;sampling_covariates_are_diagnostics_not_policy_mechanisms;response=ipw;exposure=concurrent_programme_class;leave_one_country_out=JPN	missing
programme_country_period_5y_leave_one_out_NZL	programme_country_period_5y	leave_one_country_out	programme_only	ipw	program_formulation_class_concurrent	NZL	exclude_country=NZL	14	10	2000-2024	statsmodels_fractional_logit_cluster	ipw_fractional_response_no_pseudotrials	adjusted_prevalence_difference	adjusted_prevalence_difference::routine_ap_prn_negative::wp_only_or_pre_ap	routine_ap_prn_negative	wp_only_or_pre_ap	probability_difference	0.0163524289013799					not_applicable_no_multiplicity_adjustment	programme_surveillance_design_upgrade;headline_focus=surveillance_heterogeneity_not_causal_policy_effect;sampling_covariates_are_diagnostics_not_policy_mechanisms;response=ipw;exposure=concurrent_programme_class;leave_one_country_out=NZL	missing
programme_country_period_5y_leave_one_out_USA	programme_country_period_5y	leave_one_country_out	programme_only	ipw	program_formulation_class_concurrent	USA	exclude_country=USA	13	10	2000-2024	statsmodels_fractional_logit_cluster	ipw_fractional_response_no_pseudotrials	adjusted_prevalence_difference	adjusted_prevalence_difference::routine_ap_prn_negative::wp_only_or_pre_ap	routine_ap_prn_negative	wp_only_or_pre_ap	probability_difference	0.0060254116734467					not_applicable_no_multiplicity_adjustment	programme_surveillance_design_upgrade;headline_focus=surveillance_heterogeneity_not_causal_policy_effect;sampling_covariates_are_diagnostics_not_policy_mechanisms;response=ipw;exposure=concurrent_programme_class;leave_one_country_out=USA	missing
programme_country_period_5y_leave_one_out_ZAF	programme_country_period_5y	leave_one_country_out	programme_only	ipw	program_formulation_class_concurrent	ZAF	exclude_country=ZAF	17	10	2000-2024	statsmodels_fractional_logit_cluster	ipw_fractional_response_no_pseudotrials	adjusted_prevalence_difference	adjusted_prevalence_difference::routine_ap_prn_negative::wp_only_or_pre_ap	routine_ap_prn_negative	wp_only_or_pre_ap	probability_difference	0.0118540333074499					not_applicable_no_multiplicity_adjustment	programme_surveillance_design_upgrade;headline_focus=surveillance_heterogeneity_not_causal_policy_effect;sampling_covariates_are_diagnostics_not_policy_mechanisms;response=ipw;exposure=concurrent_programme_class;leave_one_country_out=ZAF	missing
programme_country_period_5y_leave_one_out_BRA	programme_country_period_5y	leave_one_country_out	programme_only	ipw	program_formulation_class_concurrent	BRA	exclude_country=BRA	17	10	2000-2024	statsmodels_fractional_logit_cluster	ipw_fractional_response_no_pseudotrials	adjusted_prevalence_difference	adjusted_prevalence_difference::routine_ap_prn_positive::wp_only_or_pre_ap	routine_ap_prn_positive	wp_only_or_pre_ap	probability_difference	0.4913483082338059					not_applicable_no_multiplicity_adjustment	programme_surveillance_design_upgrade;headline_focus=surveillance_heterogeneity_not_causal_policy_effect;sampling_covariates_are_diagnostics_not_policy_mechanisms;response=ipw;exposure=concurrent_programme_class;leave_one_country_out=BRA	missing
programme_country_period_5y_leave_one_out_CHN	programme_country_period_5y	leave_one_country_out	programme_only	ipw	program_formulation_class_concurrent	CHN	exclude_country=CHN	17	10	2000-2024	statsmodels_fractional_logit_cluster	ipw_fractional_response_no_pseudotrials	adjusted_prevalence_difference	adjusted_prevalence_difference::routine_ap_prn_positive::wp_only_or_pre_ap	routine_ap_prn_positive	wp_only_or_pre_ap	probability_difference	0.3619607472102062					not_applicable_no_multiplicity_adjustment	programme_surveillance_design_upgrade;headline_focus=surveillance_heterogeneity_not_causal_policy_effect;sampling_covariates_are_diagnostics_not_policy_mechanisms;response=ipw;exposure=concurrent_programme_class;leave_one_country_out=CHN	missing
programme_country_period_5y_leave_one_out_CZE	programme_country_period_5y	leave_one_country_out	programme_only	ipw	program_formulation_class_concurrent	CZE	exclude_country=CZE	17	10	2000-2024	statsmodels_fractional_logit_cluster	ipw_fractional_response_no_pseudotrials	adjusted_prevalence_difference	adjusted_prevalence_difference::routine_ap_prn_positive::wp_only_or_pre_ap	routine_ap_prn_positive	wp_only_or_pre_ap	probability_difference	0.4592180278740166					not_applicable_no_multiplicity_adjustment	programme_surveillance_design_upgrade;headline_focus=surveillance_heterogeneity_not_causal_policy_effect;sampling_covariates_are_diagnostics_not_policy_mechanisms;response=ipw;exposure=concurrent_programme_class;leave_one_country_out=CZE	missing
programme_country_period_5y_leave_one_out_FRA	programme_country_period_5y	leave_one_country_out	programme_only	ipw	program_formulation_class_concurrent	FRA	exclude_country=FRA	17	10	2000-2024	statsmodels_fractional_logit_cluster	ipw_fractional_response_no_pseudotrials	adjusted_prevalence_difference	adjusted_prevalence_difference::routine_ap_prn_positive::wp_only_or_pre_ap	routine_ap_prn_positive	wp_only_or_pre_ap	probability_difference	0.4998117460284245					not_applicable_no_multiplicity_adjustment	programme_surveillance_design_upgrade;headline_focus=surveillance_heterogeneity_not_causal_policy_effect;sampling_covariates_are_diagnostics_not_policy_mechanisms;response=ipw;exposure=concurrent_programme_class;leave_one_country_out=FRA	missing
programme_country_period_5y_leave_one_out_GBR	programme_country_period_5y	leave_one_country_out	programme_only	ipw	program_formulation_class_concurrent	GBR	exclude_country=GBR	17	10	2000-2024	statsmodels_fractional_logit_cluster	ipw_fractional_response_no_pseudotrials	adjusted_prevalence_difference	adjusted_prevalence_difference::routine_ap_prn_positive::wp_only_or_pre_ap	routine_ap_prn_positive	wp_only_or_pre_ap	probability_difference	0.4568964476710284					not_applicable_no_multiplicity_adjustment	programme_surveillance_design_upgrade;headline_focus=surveillance_heterogeneity_not_causal_policy_effect;sampling_covariates_are_diagnostics_not_policy_mechanisms;response=ipw;exposure=concurrent_programme_class;leave_one_country_out=GBR	missing
programme_country_period_5y_leave_one_out_GTM	programme_country_period_5y	leave_one_country_out	programme_only	ipw	program_formulation_class_concurrent	GTM	exclude_country=GTM	17	10	2000-2024	statsmodels_fractional_logit_cluster	ipw_fractional_response_no_pseudotrials	adjusted_prevalence_difference	adjusted_prevalence_difference::routine_ap_prn_positive::wp_only_or_pre_ap	routine_ap_prn_positive	wp_only_or_pre_ap	probability_difference	0.4504577212239577					not_applicable_no_multiplicity_adjustment	programme_surveillance_design_upgrade;headline_focus=surveillance_heterogeneity_not_causal_policy_effect;sampling_covariates_are_diagnostics_not_policy_mechanisms;response=ipw;exposure=concurrent_programme_class;leave_one_country_out=GTM	missing
programme_country_period_5y_leave_one_out_IND	programme_country_period_5y	leave_one_country_out	programme_only	ipw	program_formulation_class_concurrent	IND	exclude_country=IND	17	10	2000-2024	statsmodels_fractional_logit_cluster	ipw_fractional_response_no_pseudotrials	adjusted_prevalence_difference	adjusted_prevalence_difference::routine_ap_prn_positive::wp_only_or_pre_ap	routine_ap_prn_positive	wp_only_or_pre_ap	probability_difference	0.4422054648264729					not_applicable_no_multiplicity_adjustment	programme_surveillance_design_upgrade;headline_focus=surveillance_heterogeneity_not_causal_policy_effect;sampling_covariates_are_diagnostics_not_policy_mechanisms;response=ipw;exposure=concurrent_programme_class;leave_one_country_out=IND	missing
programme_country_period_5y_leave_one_out_JPN	programme_country_period_5y	leave_one_country_out	programme_only	ipw	program_formulation_class_concurrent	JPN	exclude_country=JPN	17	10	2000-2024	statsmodels_fractional_logit_cluster	ipw_fractional_response_no_pseudotrials	adjusted_prevalence_difference	adjusted_prevalence_difference::routine_ap_prn_positive::wp_only_or_pre_ap	routine_ap_prn_positive	wp_only_or_pre_ap	probability_difference	0.4082759057720049					not_applicable_no_multiplicity_adjustment	programme_surveillance_design_upgrade;headline_focus=surveillance_heterogeneity_not_causal_policy_effect;sampling_covariates_are_diagnostics_not_policy_mechanisms;response=ipw;exposure=concurrent_programme_class;leave_one_country_out=JPN	missing
programme_country_period_5y_leave_one_out_NZL	programme_country_period_5y	leave_one_country_out	programme_only	ipw	program_formulation_class_concurrent	NZL	exclude_country=NZL	14	10	2000-2024	statsmodels_fractional_logit_cluster	ipw_fractional_response_no_pseudotrials	adjusted_prevalence_difference	adjusted_prevalence_difference::routine_ap_prn_positive::wp_only_or_pre_ap	routine_ap_prn_positive	wp_only_or_pre_ap	probability_difference	0.4453105741368193					not_applicable_no_multiplicity_adjustment	programme_surveillance_design_upgrade;headline_focus=surveillance_heterogeneity_not_causal_policy_effect;sampling_covariates_are_diagnostics_not_policy_mechanisms;response=ipw;exposure=concurrent_programme_class;leave_one_country_out=NZL	missing
programme_country_period_5y_leave_one_out_USA	programme_country_period_5y	leave_one_country_out	programme_only	ipw	program_formulation_class_concurrent	USA	exclude_country=USA	13	10	2000-2024	statsmodels_fractional_logit_cluster	ipw_fractional_response_no_pseudotrials	adjusted_prevalence_difference	adjusted_prevalence_difference::routine_ap_prn_positive::wp_only_or_pre_ap	routine_ap_prn_positive	wp_only_or_pre_ap	probability_difference	0.4090802757317836					not_applicable_no_multiplicity_adjustment	programme_surveillance_design_upgrade;headline_focus=surveillance_heterogeneity_not_causal_policy_effect;sampling_covariates_are_diagnostics_not_policy_mechanisms;response=ipw;exposure=concurrent_programme_class;leave_one_country_out=USA	missing
programme_country_period_5y_leave_one_out_ZAF	programme_country_period_5y	leave_one_country_out	programme_only	ipw	program_formulation_class_concurrent	ZAF	exclude_country=ZAF	17	10	2000-2024	statsmodels_fractional_logit_cluster	ipw_fractional_response_no_pseudotrials	adjusted_prevalence_difference	adjusted_prevalence_difference::routine_ap_prn_positive::wp_only_or_pre_ap	routine_ap_prn_positive	wp_only_or_pre_ap	probability_difference	0.4498183349514176					not_applicable_no_multiplicity_adjustment	programme_surveillance_design_upgrade;headline_focus=surveillance_heterogeneity_not_causal_policy_effect;sampling_covariates_are_diagnostics_not_policy_mechanisms;response=ipw;exposure=concurrent_programme_class;leave_one_country_out=ZAF	missing
programme_country_period_5y_primary_programme_only_ipw	programme_country_period_5y	primary_period_panel	programme_only	ipw	program_formulation_class_concurrent		all_primary_eligible_period_rows	18	11	2000-2024	statsmodels_fractional_logit_cluster	ipw_fractional_response_no_pseudotrials	adjusted_prevalence	adjusted_prevalence::routine_ap_mixed	routine_ap_mixed	wp_only_or_pre_ap	probability	0.1324127084487255					not_applicable_no_multiplicity_adjustment	programme_surveillance_design_upgrade;headline_focus=surveillance_heterogeneity_not_causal_policy_effect;sampling_covariates_are_diagnostics_not_policy_mechanisms;response=ipw;exposure=concurrent_programme_class	missing
programme_country_period_5y_primary_programme_only_ipw	programme_country_period_5y	primary_period_panel	programme_only	ipw	program_formulation_class_concurrent		all_primary_eligible_period_rows	18	11	2000-2024	statsmodels_fractional_logit_cluster	ipw_fractional_response_no_pseudotrials	adjusted_prevalence	adjusted_prevalence::routine_ap_prn_negative	routine_ap_prn_negative	wp_only_or_pre_ap	probability	0.0109107658230884					not_applicable_no_multiplicity_adjustment	programme_surveillance_design_upgrade;headline_focus=surveillance_heterogeneity_not_causal_policy_effect;sampling_covariates_are_diagnostics_not_policy_mechanisms;response=ipw;exposure=concurrent_programme_class	missing
programme_country_period_5y_primary_programme_only_ipw	programme_country_period_5y	primary_period_panel	programme_only	ipw	program_formulation_class_concurrent		all_primary_eligible_period_rows	18	11	2000-2024	statsmodels_fractional_logit_cluster	ipw_fractional_response_no_pseudotrials	adjusted_prevalence	adjusted_prevalence::routine_ap_prn_positive	routine_ap_prn_positive	wp_only_or_pre_ap	probability	0.4347417767579088					not_applicable_no_multiplicity_adjustment	programme_surveillance_design_upgrade;headline_focus=surveillance_heterogeneity_not_causal_policy_effect;sampling_covariates_are_diagnostics_not_policy_mechanisms;response=ipw;exposure=concurrent_programme_class	missing
programme_country_period_5y_primary_programme_only_ipw	programme_country_period_5y	primary_period_panel	programme_only	ipw	program_formulation_class_concurrent		all_primary_eligible_period_rows	18	11	2000-2024	statsmodels_fractional_logit_cluster	ipw_fractional_response_no_pseudotrials	adjusted_prevalence	adjusted_prevalence::wp_only_or_pre_ap	wp_only_or_pre_ap	wp_only_or_pre_ap	probability	9.59811142237412e-09					not_applicable_no_multiplicity_adjustment	programme_surveillance_design_upgrade;headline_focus=surveillance_heterogeneity_not_causal_policy_effect;sampling_covariates_are_diagnostics_not_policy_mechanisms;response=ipw;exposure=concurrent_programme_class	missing
programme_country_period_5y_primary_programme_only_ipw	programme_country_period_5y	primary_period_panel	programme_only	ipw	program_formulation_class_concurrent		all_primary_eligible_period_rows	18	11	2000-2024	statsmodels_fractional_logit_cluster	ipw_fractional_response_no_pseudotrials	adjusted_prevalence_difference	adjusted_prevalence_difference::routine_ap_mixed::wp_only_or_pre_ap	routine_ap_mixed	wp_only_or_pre_ap	probability_difference	0.1324126988506141					not_applicable_no_multiplicity_adjustment	programme_surveillance_design_upgrade;headline_focus=surveillance_heterogeneity_not_causal_policy_effect;sampling_covariates_are_diagnostics_not_policy_mechanisms;response=ipw;exposure=concurrent_programme_class	missing
programme_country_period_5y_primary_programme_only_ipw	programme_country_period_5y	primary_period_panel	programme_only	ipw	program_formulation_class_concurrent		all_primary_eligible_period_rows	18	11	2000-2024	statsmodels_fractional_logit_cluster	ipw_fractional_response_no_pseudotrials	adjusted_prevalence_difference	adjusted_prevalence_difference::routine_ap_prn_negative::wp_only_or_pre_ap	routine_ap_prn_negative	wp_only_or_pre_ap	probability_difference	0.010910756224977					not_applicable_no_multiplicity_adjustment	programme_surveillance_design_upgrade;headline_focus=surveillance_heterogeneity_not_causal_policy_effect;sampling_covariates_are_diagnostics_not_policy_mechanisms;response=ipw;exposure=concurrent_programme_class	missing
programme_country_period_5y_primary_programme_only_ipw	programme_country_period_5y	primary_period_panel	programme_only	ipw	program_formulation_class_concurrent		all_primary_eligible_period_rows	18	11	2000-2024	statsmodels_fractional_logit_cluster	ipw_fractional_response_no_pseudotrials	adjusted_prevalence_difference	adjusted_prevalence_difference::routine_ap_prn_positive::wp_only_or_pre_ap	routine_ap_prn_positive	wp_only_or_pre_ap	probability_difference	0.4347417671597974					not_applicable_no_multiplicity_adjustment	programme_surveillance_design_upgrade;headline_focus=surveillance_heterogeneity_not_causal_policy_effect;sampling_covariates_are_diagnostics_not_policy_mechanisms;response=ipw;exposure=concurrent_programme_class	missing
programme_country_period_5y_ridge_penalized_programme_only_ipw	programme_country_period_5y	ridge_penalized_support	programme_only	ipw	program_formulation_class_concurrent		all_primary_eligible_period_rows	18	11	2000-2024	statsmodels_fractional_logit_regularized_ridge	ipw_fractional_response_no_pseudotrials	adjusted_prevalence	adjusted_prevalence::routine_ap_mixed	routine_ap_mixed	wp_only_or_pre_ap	probability	0.3606202958359728					not_applicable_no_multiplicity_adjustment	programme_surveillance_design_upgrade;headline_focus=surveillance_heterogeneity_not_causal_policy_effect;sampling_covariates_are_diagnostics_not_policy_mechanisms;response=ipw;penalized_support=true	missing
programme_country_period_5y_ridge_penalized_programme_only_ipw	programme_country_period_5y	ridge_penalized_support	programme_only	ipw	program_formulation_class_concurrent		all_primary_eligible_period_rows	18	11	2000-2024	statsmodels_fractional_logit_regularized_ridge	ipw_fractional_response_no_pseudotrials	adjusted_prevalence	adjusted_prevalence::routine_ap_prn_negative	routine_ap_prn_negative	wp_only_or_pre_ap	probability	0.3004416035815341					not_applicable_no_multiplicity_adjustment	programme_surveillance_design_upgrade;headline_focus=surveillance_heterogeneity_not_causal_policy_effect;sampling_covariates_are_diagnostics_not_policy_mechanisms;response=ipw;penalized_support=true	missing
programme_country_period_5y_ridge_penalized_programme_only_ipw	programme_country_period_5y	ridge_penalized_support	programme_only	ipw	program_formulation_class_concurrent		all_primary_eligible_period_rows	18	11	2000-2024	statsmodels_fractional_logit_regularized_ridge	ipw_fractional_response_no_pseudotrials	adjusted_prevalence	adjusted_prevalence::routine_ap_prn_positive	routine_ap_prn_positive	wp_only_or_pre_ap	probability	0.3320665414791535					not_applicable_no_multiplicity_adjustment	programme_surveillance_design_upgrade;headline_focus=surveillance_heterogeneity_not_causal_policy_effect;sampling_covariates_are_diagnostics_not_policy_mechanisms;response=ipw;penalized_support=true	missing
programme_country_period_5y_ridge_penalized_programme_only_ipw	programme_country_period_5y	ridge_penalized_support	programme_only	ipw	program_formulation_class_concurrent		all_primary_eligible_period_rows	18	11	2000-2024	statsmodels_fractional_logit_regularized_ridge	ipw_fractional_response_no_pseudotrials	adjusted_prevalence	adjusted_prevalence::wp_only_or_pre_ap	wp_only_or_pre_ap	wp_only_or_pre_ap	probability	0.3543678878345536					not_applicable_no_multiplicity_adjustment	programme_surveillance_design_upgrade;headline_focus=surveillance_heterogeneity_not_causal_policy_effect;sampling_covariates_are_diagnostics_not_policy_mechanisms;response=ipw;penalized_support=true	missing
programme_country_period_5y_ridge_penalized_programme_only_ipw	programme_country_period_5y	ridge_penalized_support	programme_only	ipw	program_formulation_class_concurrent		all_primary_eligible_period_rows	18	11	2000-2024	statsmodels_fractional_logit_regularized_ridge	ipw_fractional_response_no_pseudotrials	adjusted_prevalence_difference	adjusted_prevalence_difference::routine_ap_mixed::wp_only_or_pre_ap	routine_ap_mixed	wp_only_or_pre_ap	probability_difference	0.0062524080014192					not_applicable_no_multiplicity_adjustment	programme_surveillance_design_upgrade;headline_focus=surveillance_heterogeneity_not_causal_policy_effect;sampling_covariates_are_diagnostics_not_policy_mechanisms;response=ipw;penalized_support=true	missing
programme_country_period_5y_ridge_penalized_programme_only_ipw	programme_country_period_5y	ridge_penalized_support	programme_only	ipw	program_formulation_class_concurrent		all_primary_eligible_period_rows	18	11	2000-2024	statsmodels_fractional_logit_regularized_ridge	ipw_fractional_response_no_pseudotrials	adjusted_prevalence_difference	adjusted_prevalence_difference::routine_ap_prn_negative::wp_only_or_pre_ap	routine_ap_prn_negative	wp_only_or_pre_ap	probability_difference	-0.0539262842530194					not_applicable_no_multiplicity_adjustment	programme_surveillance_design_upgrade;headline_focus=surveillance_heterogeneity_not_causal_policy_effect;sampling_covariates_are_diagnostics_not_policy_mechanisms;response=ipw;penalized_support=true	missing
programme_country_period_5y_ridge_penalized_programme_only_ipw	programme_country_period_5y	ridge_penalized_support	programme_only	ipw	program_formulation_class_concurrent		all_primary_eligible_period_rows	18	11	2000-2024	statsmodels_fractional_logit_regularized_ridge	ipw_fractional_response_no_pseudotrials	adjusted_prevalence_difference	adjusted_prevalence_difference::routine_ap_prn_positive::wp_only_or_pre_ap	routine_ap_prn_positive	wp_only_or_pre_ap	probability_difference	-0.0223013463554					not_applicable_no_multiplicity_adjustment	programme_surveillance_design_upgrade;headline_focus=surveillance_heterogeneity_not_causal_policy_effect;sampling_covariates_are_diagnostics_not_policy_mechanisms;response=ipw;penalized_support=true	missing
programme_country_period_3y_supporting_programme_only_ipw	programme_country_period_3y	supporting_period_panel	programme_only	ipw	program_formulation_class_concurrent		all_primary_eligible_period_rows	22	9	1998-2024	statsmodels_fractional_logit_cluster	ipw_fractional_response_no_pseudotrials	adjusted_prevalence	adjusted_prevalence::routine_ap_mixed	routine_ap_mixed	wp_only_or_pre_ap	probability	0.0758082403313381					not_applicable_no_multiplicity_adjustment	programme_surveillance_design_upgrade;headline_focus=surveillance_heterogeneity_not_causal_policy_effect;sampling_covariates_are_diagnostics_not_policy_mechanisms;response=ipw;supporting_panel=yes	missing
programme_country_period_3y_supporting_programme_only_ipw	programme_country_period_3y	supporting_period_panel	programme_only	ipw	program_formulation_class_concurrent		all_primary_eligible_period_rows	22	9	1998-2024	statsmodels_fractional_logit_cluster	ipw_fractional_response_no_pseudotrials	adjusted_prevalence	adjusted_prevalence::routine_ap_prn_negative	routine_ap_prn_negative	wp_only_or_pre_ap	probability	0.0070303582701802					not_applicable_no_multiplicity_adjustment	programme_surveillance_design_upgrade;headline_focus=surveillance_heterogeneity_not_causal_policy_effect;sampling_covariates_are_diagnostics_not_policy_mechanisms;response=ipw;supporting_panel=yes	missing
programme_country_period_3y_supporting_programme_only_ipw	programme_country_period_3y	supporting_period_panel	programme_only	ipw	program_formulation_class_concurrent		all_primary_eligible_period_rows	22	9	1998-2024	statsmodels_fractional_logit_cluster	ipw_fractional_response_no_pseudotrials	adjusted_prevalence	adjusted_prevalence::routine_ap_prn_positive	routine_ap_prn_positive	wp_only_or_pre_ap	probability	0.4441223701316055					not_applicable_no_multiplicity_adjustment	programme_surveillance_design_upgrade;headline_focus=surveillance_heterogeneity_not_causal_policy_effect;sampling_covariates_are_diagnostics_not_policy_mechanisms;response=ipw;supporting_panel=yes	missing
programme_country_period_3y_supporting_programme_only_ipw	programme_country_period_3y	supporting_period_panel	programme_only	ipw	program_formulation_class_concurrent		all_primary_eligible_period_rows	22	9	1998-2024	statsmodels_fractional_logit_cluster	ipw_fractional_response_no_pseudotrials	adjusted_prevalence	adjusted_prevalence::wp_only_or_pre_ap	wp_only_or_pre_ap	wp_only_or_pre_ap	probability	0.0855739934175756					not_applicable_no_multiplicity_adjustment	programme_surveillance_design_upgrade;headline_focus=surveillance_heterogeneity_not_causal_policy_effect;sampling_covariates_are_diagnostics_not_policy_mechanisms;response=ipw;supporting_panel=yes	missing
programme_country_period_3y_supporting_programme_only_ipw	programme_country_period_3y	supporting_period_panel	programme_only	ipw	program_formulation_class_concurrent		all_primary_eligible_period_rows	22	9	1998-2024	statsmodels_fractional_logit_cluster	ipw_fractional_response_no_pseudotrials	adjusted_prevalence_difference	adjusted_prevalence_difference::routine_ap_mixed::wp_only_or_pre_ap	routine_ap_mixed	wp_only_or_pre_ap	probability_difference	-0.0097657530862375					not_applicable_no_multiplicity_adjustment	programme_surveillance_design_upgrade;headline_focus=surveillance_heterogeneity_not_causal_policy_effect;sampling_covariates_are_diagnostics_not_policy_mechanisms;response=ipw;supporting_panel=yes	missing
programme_country_period_3y_supporting_programme_only_ipw	programme_country_period_3y	supporting_period_panel	programme_only	ipw	program_formulation_class_concurrent		all_primary_eligible_period_rows	22	9	1998-2024	statsmodels_fractional_logit_cluster	ipw_fractional_response_no_pseudotrials	adjusted_prevalence_difference	adjusted_prevalence_difference::routine_ap_prn_negative::wp_only_or_pre_ap	routine_ap_prn_negative	wp_only_or_pre_ap	probability_difference	-0.0785436351473954					not_applicable_no_multiplicity_adjustment	programme_surveillance_design_upgrade;headline_focus=surveillance_heterogeneity_not_causal_policy_effect;sampling_covariates_are_diagnostics_not_policy_mechanisms;response=ipw;supporting_panel=yes	missing
programme_country_period_3y_supporting_programme_only_ipw	programme_country_period_3y	supporting_period_panel	programme_only	ipw	program_formulation_class_concurrent		all_primary_eligible_period_rows	22	9	1998-2024	statsmodels_fractional_logit_cluster	ipw_fractional_response_no_pseudotrials	adjusted_prevalence_difference	adjusted_prevalence_difference::routine_ap_prn_positive::wp_only_or_pre_ap	routine_ap_prn_positive	wp_only_or_pre_ap	probability_difference	0.3585483767140299					not_applicable_no_multiplicity_adjustment	programme_surveillance_design_upgrade;headline_focus=surveillance_heterogeneity_not_causal_policy_effect;sampling_covariates_are_diagnostics_not_policy_mechanisms;response=ipw;supporting_panel=yes	missing
programme_country_period_5y_transition_excluded_programme_only_ipw	programme_country_period_5y	transition_excluded	programme_only	ipw	program_formulation_class_concurrent		transition_period_flag=false	18	11	2000-2024	statsmodels_fractional_logit_cluster	ipw_fractional_response_no_pseudotrials	adjusted_prevalence	adjusted_prevalence::routine_ap_mixed	routine_ap_mixed	wp_only_or_pre_ap	probability	0.1324127084487255					not_applicable_no_multiplicity_adjustment	programme_surveillance_design_upgrade;headline_focus=surveillance_heterogeneity_not_causal_policy_effect;sampling_covariates_are_diagnostics_not_policy_mechanisms;response=ipw;transition_rows_excluded=true	missing
programme_country_period_5y_transition_excluded_programme_only_ipw	programme_country_period_5y	transition_excluded	programme_only	ipw	program_formulation_class_concurrent		transition_period_flag=false	18	11	2000-2024	statsmodels_fractional_logit_cluster	ipw_fractional_response_no_pseudotrials	adjusted_prevalence	adjusted_prevalence::routine_ap_prn_negative	routine_ap_prn_negative	wp_only_or_pre_ap	probability	0.0109107658230884					not_applicable_no_multiplicity_adjustment	programme_surveillance_design_upgrade;headline_focus=surveillance_heterogeneity_not_causal_policy_effect;sampling_covariates_are_diagnostics_not_policy_mechanisms;response=ipw;transition_rows_excluded=true	missing
programme_country_period_5y_transition_excluded_programme_only_ipw	programme_country_period_5y	transition_excluded	programme_only	ipw	program_formulation_class_concurrent		transition_period_flag=false	18	11	2000-2024	statsmodels_fractional_logit_cluster	ipw_fractional_response_no_pseudotrials	adjusted_prevalence	adjusted_prevalence::routine_ap_prn_positive	routine_ap_prn_positive	wp_only_or_pre_ap	probability	0.4347417767579088					not_applicable_no_multiplicity_adjustment	programme_surveillance_design_upgrade;headline_focus=surveillance_heterogeneity_not_causal_policy_effect;sampling_covariates_are_diagnostics_not_policy_mechanisms;response=ipw;transition_rows_excluded=true	missing
programme_country_period_5y_transition_excluded_programme_only_ipw	programme_country_period_5y	transition_excluded	programme_only	ipw	program_formulation_class_concurrent		transition_period_flag=false	18	11	2000-2024	statsmodels_fractional_logit_cluster	ipw_fractional_response_no_pseudotrials	adjusted_prevalence	adjusted_prevalence::wp_only_or_pre_ap	wp_only_or_pre_ap	wp_only_or_pre_ap	probability	9.59811142237412e-09					not_applicable_no_multiplicity_adjustment	programme_surveillance_design_upgrade;headline_focus=surveillance_heterogeneity_not_causal_policy_effect;sampling_covariates_are_diagnostics_not_policy_mechanisms;response=ipw;transition_rows_excluded=true	missing
programme_country_period_5y_transition_excluded_programme_only_ipw	programme_country_period_5y	transition_excluded	programme_only	ipw	program_formulation_class_concurrent		transition_period_flag=false	18	11	2000-2024	statsmodels_fractional_logit_cluster	ipw_fractional_response_no_pseudotrials	adjusted_prevalence_difference	adjusted_prevalence_difference::routine_ap_mixed::wp_only_or_pre_ap	routine_ap_mixed	wp_only_or_pre_ap	probability_difference	0.1324126988506141					not_applicable_no_multiplicity_adjustment	programme_surveillance_design_upgrade;headline_focus=surveillance_heterogeneity_not_causal_policy_effect;sampling_covariates_are_diagnostics_not_policy_mechanisms;response=ipw;transition_rows_excluded=true	missing
programme_country_period_5y_transition_excluded_programme_only_ipw	programme_country_period_5y	transition_excluded	programme_only	ipw	program_formulation_class_concurrent		transition_period_flag=false	18	11	2000-2024	statsmodels_fractional_logit_cluster	ipw_fractional_response_no_pseudotrials	adjusted_prevalence_difference	adjusted_prevalence_difference::routine_ap_prn_negative::wp_only_or_pre_ap	routine_ap_prn_negative	wp_only_or_pre_ap	probability_difference	0.010910756224977					not_applicable_no_multiplicity_adjustment	programme_surveillance_design_upgrade;headline_focus=surveillance_heterogeneity_not_causal_policy_effect;sampling_covariates_are_diagnostics_not_policy_mechanisms;response=ipw;transition_rows_excluded=true	missing
programme_country_period_5y_transition_excluded_programme_only_ipw	programme_country_period_5y	transition_excluded	programme_only	ipw	program_formulation_class_concurrent		transition_period_flag=false	18	11	2000-2024	statsmodels_fractional_logit_cluster	ipw_fractional_response_no_pseudotrials	adjusted_prevalence_difference	adjusted_prevalence_difference::routine_ap_prn_positive::wp_only_or_pre_ap	routine_ap_prn_positive	wp_only_or_pre_ap	probability_difference	0.4347417671597974					not_applicable_no_multiplicity_adjustment	programme_surveillance_design_upgrade;headline_focus=surveillance_heterogeneity_not_causal_policy_effect;sampling_covariates_are_diagnostics_not_policy_mechanisms;response=ipw;transition_rows_excluded=true	missing
programme_country_period_5y_primary_programme_plus_bridge_ipw	programme_country_period_5y	primary_period_panel	programme_plus_bridge	ipw	program_formulation_class_concurrent		all_primary_eligible_period_rows	18	11	2000-2024	statsmodels_fractional_logit_cluster	ipw_fractional_response_no_pseudotrials	adjusted_prevalence	adjusted_prevalence::routine_ap_mixed	routine_ap_mixed	wp_only_or_pre_ap	probability	0.1139001300226473					not_applicable_no_multiplicity_adjustment	programme_surveillance_design_upgrade;headline_focus=surveillance_heterogeneity_not_causal_policy_effect;sampling_covariates_are_diagnostics_not_policy_mechanisms;response=ipw;exposure=concurrent_programme_class;bridge=origin_and_detection_context	missing
programme_country_period_5y_primary_programme_plus_bridge_ipw	programme_country_period_5y	primary_period_panel	programme_plus_bridge	ipw	program_formulation_class_concurrent		all_primary_eligible_period_rows	18	11	2000-2024	statsmodels_fractional_logit_cluster	ipw_fractional_response_no_pseudotrials	adjusted_prevalence	adjusted_prevalence::routine_ap_prn_negative	routine_ap_prn_negative	wp_only_or_pre_ap	probability	0.003458369322176					not_applicable_no_multiplicity_adjustment	programme_surveillance_design_upgrade;headline_focus=surveillance_heterogeneity_not_causal_policy_effect;sampling_covariates_are_diagnostics_not_policy_mechanisms;response=ipw;exposure=concurrent_programme_class;bridge=origin_and_detection_context	missing
programme_country_period_5y_primary_programme_plus_bridge_ipw	programme_country_period_5y	primary_period_panel	programme_plus_bridge	ipw	program_formulation_class_concurrent		all_primary_eligible_period_rows	18	11	2000-2024	statsmodels_fractional_logit_cluster	ipw_fractional_response_no_pseudotrials	adjusted_prevalence	adjusted_prevalence::routine_ap_prn_positive	routine_ap_prn_positive	wp_only_or_pre_ap	probability	0.4275399783429098					not_applicable_no_multiplicity_adjustment	programme_surveillance_design_upgrade;headline_focus=surveillance_heterogeneity_not_causal_policy_effect;sampling_covariates_are_diagnostics_not_policy_mechanisms;response=ipw;exposure=concurrent_programme_class;bridge=origin_and_detection_context	missing
programme_country_period_5y_primary_programme_plus_bridge_ipw	programme_country_period_5y	primary_period_panel	programme_plus_bridge	ipw	program_formulation_class_concurrent		all_primary_eligible_period_rows	18	11	2000-2024	statsmodels_fractional_logit_cluster	ipw_fractional_response_no_pseudotrials	adjusted_prevalence	adjusted_prevalence::wp_only_or_pre_ap	wp_only_or_pre_ap	wp_only_or_pre_ap	probability	0.159585358616135					not_applicable_no_multiplicity_adjustment	programme_surveillance_design_upgrade;headline_focus=surveillance_heterogeneity_not_causal_policy_effect;sampling_covariates_are_diagnostics_not_policy_mechanisms;response=ipw;exposure=concurrent_programme_class;bridge=origin_and_detection_context	missing
programme_country_period_5y_primary_programme_plus_bridge_ipw	programme_country_period_5y	primary_period_panel	programme_plus_bridge	ipw	program_formulation_class_concurrent		all_primary_eligible_period_rows	18	11	2000-2024	statsmodels_fractional_logit_cluster	ipw_fractional_response_no_pseudotrials	adjusted_prevalence_difference	adjusted_prevalence_difference::routine_ap_mixed::wp_only_or_pre_ap	routine_ap_mixed	wp_only_or_pre_ap	probability_difference	-0.0456852285934876					not_applicable_no_multiplicity_adjustment	programme_surveillance_design_upgrade;headline_focus=surveillance_heterogeneity_not_causal_policy_effect;sampling_covariates_are_diagnostics_not_policy_mechanisms;response=ipw;exposure=concurrent_programme_class;bridge=origin_and_detection_context	missing
programme_country_period_5y_primary_programme_plus_bridge_ipw	programme_country_period_5y	primary_period_panel	programme_plus_bridge	ipw	program_formulation_class_concurrent		all_primary_eligible_period_rows	18	11	2000-2024	statsmodels_fractional_logit_cluster	ipw_fractional_response_no_pseudotrials	adjusted_prevalence_difference	adjusted_prevalence_difference::routine_ap_prn_negative::wp_only_or_pre_ap	routine_ap_prn_negative	wp_only_or_pre_ap	probability_difference	-0.1561269892939589					not_applicable_no_multiplicity_adjustment	programme_surveillance_design_upgrade;headline_focus=surveillance_heterogeneity_not_causal_policy_effect;sampling_covariates_are_diagnostics_not_policy_mechanisms;response=ipw;exposure=concurrent_programme_class;bridge=origin_and_detection_context	missing
programme_country_period_5y_primary_programme_plus_bridge_ipw	programme_country_period_5y	primary_period_panel	programme_plus_bridge	ipw	program_formulation_class_concurrent		all_primary_eligible_period_rows	18	11	2000-2024	statsmodels_fractional_logit_cluster	ipw_fractional_response_no_pseudotrials	adjusted_prevalence_difference	adjusted_prevalence_difference::routine_ap_prn_positive::wp_only_or_pre_ap	routine_ap_prn_positive	wp_only_or_pre_ap	probability_difference	0.2679546197267748					not_applicable_no_multiplicity_adjustment	programme_surveillance_design_upgrade;headline_focus=surveillance_heterogeneity_not_causal_policy_effect;sampling_covariates_are_diagnostics_not_policy_mechanisms;response=ipw;exposure=concurrent_programme_class;bridge=origin_and_detection_context	missing
