country_iso3	year	country_name	n_total_records	n_prn_interpretable	n_prn_noninterpretable	interpretability_fraction	n_prn_disrupted	disrupted_fraction_among_interpretable	n_base_blocks	n_subblocks	dominant_base_block_id	dominant_base_block_n_total	dominant_base_block_share_total	dominant_base_block_share_interpretable	dominant_subblock_id	dominant_subblock_n_total	dominant_subblock_share_total	audit_flag
CHN	2024	China	506	25	481	0.04940711462450593	0	0	477	477	PRJNA1193776	29	0.05731225296442688	0.96	PRJNA1193776::year=2024	29	0.05731225296442688	low_interpretability
USA	2014	USA	130	130	0	1	88	0.676923076923077	1	1	PRJNA279196	130	1	1	PRJNA279196::year=2014	130	1	base_block_dominated
USA	2019	USA	122	108	14	0.8852459016393442	83	0.7685185185185185	2	2	PRJNA279196	121	0.9918032786885246	0.9907407407407407	PRJNA279196::year=2019	121	0.9918032786885246	base_block_dominated
USA	2017	USA	99	99	0	1	90	0.9090909090909091	1	1	PRJNA279196	99	1	1	PRJNA279196::year=2017	99	1	base_block_dominated
CHN	2019	China	93	6	87	0.06451612903225806	0	0	90	90	PRJNA1071282	2	0.021505376344086023	0.3333333333333333	PRJNA1071282::year=2019	2	0.021505376344086023	low_interpretability
USA	2012	USA	87	87	0	1	44	0.5057471264367817	5	7	PRJNA279196	65	0.7471264367816092	0.7471264367816092	PRJNA279196::year=2012	65	0.7471264367816092	distributed_or_moderate
USA	2016	USA	86	85	1	0.9883720930232558	39	0.4588235294117647	1	1	PRJNA279196	86	1	1	PRJNA279196::year=2016	86	1	base_block_dominated
USA	2018	USA	68	67	1	0.9852941176470589	51	0.7611940298507462	2	2	PRJNA279196	67	0.9852941176470589	0.9850746268656716	PRJNA279196::year=2018	67	0.9852941176470589	base_block_dominated
CHN	2022	China	64	36	28	0.5625	10	0.2777777777777778	32	46	PRJNA1133929	24	0.375	0.6666666666666666	PRJNA1193776::year=2022	8	0.125	distributed_or_moderate
USA	2015	USA	63	63	0	1	46	0.7301587301587301	3	3	PRJNA279196	61	0.9682539682539683	0.9682539682539683	PRJNA279196::year=2015	61	0.9682539682539683	base_block_dominated
CHN	2021	China	60	25	35	0.4166666666666667	0	0	38	51	PRJNA1133929	21	0.35	0.84	PRJNA1133929::week=2021-W49	4	0.06666666666666667	low_interpretability
CHN	2023	China	59	28	31	0.4745762711864407	3	0.10714285714285714	33	48	PRJNA1133929	18	0.3050847457627119	0.6428571428571429	PRJNA1193776::year=2023	9	0.15254237288135594	low_interpretability
USA	2013	USA	56	56	0	1	42	0.75	4	4	PRJNA279196	53	0.9464285714285714	0.9464285714285714	PRJNA279196::year=2013	53	0.9464285714285714	base_block_dominated
USA	2011	USA	44	44	0	1	16	0.36363636363636365	4	4	PRJNA279196	40	0.9090909090909091	0.9090909090909091	PRJNA279196::year=2011	40	0.9090909090909091	base_block_dominated
USA	2010	USA	38	38	0	1	4	0.10526315789473684	5	5	PRJNA279196	22	0.5789473684210527	0.5789473684210527	PRJNA279196::year=2010	22	0.5789473684210527	distributed_or_moderate
CHN	2018	China	34	7	27	0.20588235294117646	0	0	31	31	PRJNA1071282	2	0.058823529411764705	0.2857142857142857	PRJNA1071282::year=2018	2	0.058823529411764705	low_interpretability
JPN	2025	Japan	33	12	21	0.36363636363636365	1	0.08333333333333333	3	8	PRJDB20413	19	0.5757575757575758	0	PRJDB37898::year=2025	12	0.36363636363636365	low_interpretability
ZAF	2015	South_Africa	21	21	0	1	0	0	1	1	PRJNA929342	21	1	1	PRJNA929342::year=2015	21	1	base_block_dominated
USA	2020	USA	20	16	4	0.8	16	1	1	1	PRJNA279196	20	1	1	PRJNA279196::year=2020	20	1	base_block_dominated
USA	2000	USA	19	18	1	0.9473684210526315	1	0.05555555555555555	2	2	PRJNA279196	15	0.7894736842105263	0.8333333333333334	PRJNA279196::year=2000	15	0.7894736842105263	distributed_or_moderate
USA	2005	USA	14	14	0	1	2	0.14285714285714285	4	4	PRJNA279196	10	0.7142857142857143	0.7142857142857143	PRJNA279196::year=2005	10	0.7142857142857143	distributed_or_moderate
USA	2002	USA	13	12	1	0.9230769230769231	0	0	2	2	PRJNA279196	12	0.9230769230769231	1	PRJNA279196::year=2002	12	0.9230769230769231	base_block_dominated
USA	2003	USA	13	13	0	1	2	0.15384615384615385	2	2	PRJNA279196	9	0.6923076923076923	0.6923076923076923	PRJNA279196::year=2003	9	0.6923076923076923	distributed_or_moderate
ITA	1994	Italy	12	0	12	0	0	NA	1	1	PRJEB2274	12	1	NA	PRJEB2274::year=1994	12	1	base_block_dominated
KEN	1975	Kenya	12	0	12	0	0	NA	1	1	PRJEB2274	12	1	NA	PRJEB2274::year=1975	12	1	base_block_dominated
USA	2001	USA	12	11	1	0.9166666666666666	1	0.09090909090909091	6	6	PRJNA279196	6	0.5	0.5454545454545454	PRJNA279196::year=2001	6	0.5	distributed_or_moderate
JPN	2024	Japan	11	8	3	0.7272727272727273	1	0.125	4	7	PRJDB35593	6	0.5454545454545454	0.75	PRJDB35593::week=2024-W50	3	0.2727272727272727	distributed_or_moderate
CHN	2016	China	10	9	1	0.9	0	0	4	4	PRJNA393244	6	0.6	0.6666666666666666	PRJNA393244::year=2016	6	0.6	distributed_or_moderate
NZL	2012	New_Zealand	10	10	0	1	10	1	1	1	PRJNA556977	10	1	1	PRJNA556977::year=2012	10	1	base_block_dominated
CHN	2015	China	9	8	1	0.8888888888888888	0	0	2	2	PRJNA393244	6	0.6666666666666666	0.75	PRJNA393244::year=2015	6	0.6666666666666666	distributed_or_moderate
USA	2004	USA	9	9	0	1	0	0	2	2	PRJNA279196	6	0.6666666666666666	0.6666666666666666	PRJNA279196::year=2004	6	0.6666666666666666	distributed_or_moderate
BRA	2024	Brazil	8	8	0	1	8	1	6	6	PRJNA1260476	3	0.375	0.375	PRJNA1260476::year=2024	3	0.375	distributed_or_moderate
GBR	2012	United_Kingdom	8	8	0	1	0	0	6	6	PRJEB6403	3	0.375	0.375	PRJEB6403::year=2012	3	0.375	distributed_or_moderate
USA	2007	USA	8	8	0	1	0	0	1	1	PRJNA279196	8	1	1	PRJNA279196::year=2007	8	1	base_block_dominated
USA	2009	USA	8	8	0	1	1	0.125	1	1	PRJNA279196	8	1	1	PRJNA279196::year=2009	8	1	base_block_dominated
CAN	2001	Canada	7	0	7	0	0	NA	1	1	PRJEB2274	7	1	NA	PRJEB2274::year=2001	7	1	base_block_dominated
NZL	2017	New_Zealand	7	7	0	1	6	0.8571428571428571	1	1	PRJNA556977	7	1	1	PRJNA556977::year=2017	7	1	base_block_dominated
FRA	2024	France	6	6	0	1	0	0	5	5	PRJEB85093	2	0.3333333333333333	0.3333333333333333	PRJEB85093::year=2024	2	0.3333333333333333	distributed_or_moderate
CZE	1954	Czech_Republic	5	5	0	1	0	0	3	3	PRJEB25820	3	0.6	0.6	PRJEB25820::month=65	3	0.6	distributed_or_moderate
ESP	2024	Spain	5	0	5	0	0	NA	3	3	PRJNA1089958	3	0.6	NA	PRJNA1089958::week=2024-W12	3	0.6	low_interpretability
GBR	1967	United_Kingdom	5	4	1	0.8	0	0	3	3	PRJNA279196	3	0.6	0.75	PRJNA279196::year=1967	3	0.6	distributed_or_moderate
GTM	2014	Guatemala	5	5	0	1	0	0	1	1	PRJNA279196	5	1	1	PRJNA279196::year=2014	5	1	base_block_dominated
SWE	2004	Sweden	5	0	5	0	0	NA	1	1	PRJEB2274	5	1	NA	PRJEB2274::year=2004	5	1	base_block_dominated
USA	1999	USA	5	3	2	0.6	1	0.3333333333333333	2	2	PRJEB2274	4	0.8	0.6666666666666666	PRJEB2274::year=1999	4	0.8	base_block_dominated
USA	2008	USA	5	5	0	1	0	0	1	1	PRJNA279196	5	1	1	PRJNA279196::year=2008	5	1	base_block_dominated
AUS	1989	Australia	4	2	2	0.5	2	1	1	1	PRJEB2274	4	1	1	PRJEB2274::year=1989	4	1	base_block_dominated
AUS	1998	Australia	4	2	2	0.5	1	0.5	1	1	PRJEB2274	4	1	1	PRJEB2274::year=1998	4	1	base_block_dominated
AUS	2000	Australia	4	3	1	0.75	2	0.6666666666666666	1	1	PRJEB2274	4	1	1	PRJEB2274::year=2000	4	1	base_block_dominated
CHN	2014	China	4	4	0	1	0	0	2	2	PRJNA489102	3	0.75	0.75	PRJNA489102::year=2014	3	0.75	distributed_or_moderate
CZE	2012	Czech_Republic	4	4	0	1	0	0	2	2	PRJEB26966	3	0.75	0.75	PRJEB26966::year=2012	3	0.75	distributed_or_moderate
IND	2017	India	4	2	2	0.5	0	0	4	4	PRJNA400355	1	0.25	0	PRJNA400355::year=2017	1	0.25	low_interpretability
JPN	2004	Japan	4	3	1	0.75	1	0.3333333333333333	3	3	PRJEB2274	2	0.5	0.3333333333333333	PRJEB2274::year=2004	2	0.5	distributed_or_moderate
NZL	2005	New_Zealand	4	4	0	1	0	0	1	1	PRJNA556977	4	1	1	PRJNA556977::year=2005	4	1	base_block_dominated
SWE	1970	Sweden	4	0	4	0	0	NA	1	1	PRJEB2274	4	1	NA	PRJEB2274::year=1970	4	1	base_block_dominated
TWN	2003	China-Taiwan	4	0	4	0	0	NA	1	1	PRJEB2274	4	1	NA	PRJEB2274::year=2003	4	1	base_block_dominated
USA	1977	USA	4	4	0	1	1	0.25	2	2	PRJEB2274	3	0.75	0.75	PRJEB2274::year=1977	3	0.75	distributed_or_moderate
ZAF	2019	South_Africa	4	3	1	0.75	0	0	1	1	PRJNA929342	4	1	1	PRJNA929342::year=2019	4	1	base_block_dominated
ARG	2000	Argentina	3	0	3	0	0	NA	1	1	PRJEB2274	3	1	NA	PRJEB2274::year=2000	3	1	base_block_dominated
AUS	1995	Australia	3	3	0	1	2	0.6666666666666666	1	1	PRJEB2274	3	1	1	PRJEB2274::year=1995	3	1	base_block_dominated
AUS	1997	Australia	3	3	0	1	2	0.6666666666666666	1	1	PRJEB2274	3	1	1	PRJEB2274::year=1997	3	1	base_block_dominated
AUS	2002	Australia	3	3	0	1	2	0.6666666666666666	1	1	PRJEB2274	3	1	1	PRJEB2274::year=2002	3	1	base_block_dominated
AUS	2008	Australia	3	3	0	1	0	0	2	2	PRJNA562796	2	0.6666666666666666	0.6666666666666666	PRJNA562796::year=2008	2	0.6666666666666666	distributed_or_moderate
AUS	2011	Australia	3	3	0	1	1	0.3333333333333333	2	2	PRJNA562796	2	0.6666666666666666	0.6666666666666666	PRJNA562796::year=2011	2	0.6666666666666666	distributed_or_moderate
AUS	2014	Australia	3	1	2	0.3333333333333333	0	0	2	2	PRJNA432286	2	0.6666666666666666	0	PRJNA432286::year=2014	2	0.6666666666666666	low_interpretability
AUS	2015	Australia	3	1	2	0.3333333333333333	0	0	2	2	PRJNA432286	2	0.6666666666666666	0	PRJNA432286::year=2015	2	0.6666666666666666	low_interpretability
CAN	1995	Canada	3	0	3	0	0	NA	1	1	PRJEB2274	3	1	NA	PRJEB2274::year=1995	3	1	base_block_dominated
CHN	2013	China	3	3	0	1	0	0	1	1	PRJNA489102	3	1	1	PRJNA489102::year=2013	3	1	base_block_dominated
CHN	2017	China	3	1	2	0.3333333333333333	0	0	2	2	PRJNA1071282	2	0.6666666666666666	1	PRJNA1071282::year=2017	2	0.6666666666666666	low_interpretability
DNK	2001	Denmark	3	0	3	0	0	NA	1	1	PRJEB2274	3	1	NA	PRJEB2274::year=2001	3	1	base_block_dominated
ESP	2023	Spain	3	0	3	0	0	NA	1	2	PRJNA1089958	3	1	NA	PRJNA1089958::week=2023-W35	2	0.6666666666666666	base_block_dominated
FIN	2006	Finland	3	0	3	0	0	NA	1	1	PRJEB2274	3	1	NA	PRJEB2274::year=2006	3	1	base_block_dominated
HKG	2002	China-Hong_Kong	3	0	3	0	0	NA	1	1	PRJEB2274	3	1	NA	PRJEB2274::year=2002	3	1	base_block_dominated
IND	2019	India	3	3	0	1	0	0	1	1	PRJNA733591	3	1	1	PRJNA733591::year=2019	3	1	base_block_dominated
JPN	1999	Japan	3	2	1	0.6666666666666666	0	0	2	2	PRJEB2274	2	0.6666666666666666	0.5	PRJEB2274::year=1999	2	0.6666666666666666	distributed_or_moderate
JPN	2018	Japan	3	3	0	1	0	0	1	1	PRJDB7578	3	1	1	PRJDB7578::year=2018	3	1	base_block_dominated
NLD	1950	Netherlands	3	0	3	0	0	NA	1	1	PRJEB2274	3	1	NA	PRJEB2274::year=1950	3	1	base_block_dominated
NLD	1999	Netherlands	3	2	1	0.6666666666666666	0	0	2	2	PRJNA281570	2	0.6666666666666666	1	PRJNA281570::year=1999	2	0.6666666666666666	distributed_or_moderate
NLD	2000	Netherlands	3	0	3	0	0	NA	1	1	PRJEB2274	3	1	NA	PRJEB2274::year=2000	3	1	base_block_dominated
NZL	2009	New_Zealand	3	3	0	1	0	0	1	1	PRJNA556977	3	1	1	PRJNA556977::year=2009	3	1	base_block_dominated
NZL	2018	New_Zealand	3	3	0	1	2	0.6666666666666666	1	1	PRJNA556977	3	1	1	PRJNA556977::year=2018	3	1	base_block_dominated
TWN	1999	China-Taiwan	3	0	3	0	0	NA	1	1	PRJEB2274	3	1	NA	PRJEB2274::year=1999	3	1	base_block_dominated
TWN	2005	China-Taiwan	3	0	3	0	0	NA	1	1	PRJEB2274	3	1	NA	PRJEB2274::year=2005	3	1	base_block_dominated
TWN	2007	China-Taiwan	3	0	3	0	0	NA	1	1	PRJEB2274	3	1	NA	PRJEB2274::year=2007	3	1	base_block_dominated
USA	1935	USA	3	3	0	1	0	0	3	3	PRJEB2274	1	0.3333333333333333	0.3333333333333333	PRJEB2274::year=1935	1	0.3333333333333333	distributed_or_moderate
USA	1993	USA	3	2	1	0.6666666666666666	1	0.5	2	2	PRJEB2274	2	0.6666666666666666	0.5	PRJEB2274::year=1993	2	0.6666666666666666	distributed_or_moderate
USA	1995	USA	3	3	0	1	1	0.3333333333333333	2	2	PRJNA279196	2	0.6666666666666666	0.6666666666666666	PRJNA279196::year=1995	2	0.6666666666666666	distributed_or_moderate
ZAF	2016	South_Africa	3	3	0	1	0	0	1	1	PRJNA929342	3	1	1	PRJNA929342::year=2016	3	1	base_block_dominated
ZAF	2018	South_Africa	3	3	0	1	0	0	1	1	PRJNA929342	3	1	1	PRJNA929342::year=2018	3	1	base_block_dominated
ARG	2001	Argentina	2	0	2	0	0	NA	1	1	PRJEB2274	2	1	NA	PRJEB2274::year=2001	2	1	sparse_cell
AUS	1971	Australia	2	2	0	1	1	0.5	1	1	PRJEB2274	2	1	1	PRJEB2274::year=1971	2	1	sparse_cell
AUS	1977	Australia	2	2	0	1	1	0.5	1	1	PRJEB2274	2	1	1	PRJEB2274::year=1977	2	1	sparse_cell
AUS	2004	Australia	2	2	0	1	0	0	1	1	PRJEB2274	2	1	1	PRJEB2274::year=2004	2	1	sparse_cell
AUS	2007	Australia	2	1	1	0.5	1	1	1	1	PRJEB2274	2	1	1	PRJEB2274::year=2007	2	1	sparse_cell
AUS	2009	Australia	2	1	1	0.5	0	0	1	1	PRJNA562796	2	1	1	PRJNA562796::year=2009	2	1	sparse_cell
AUS	2010	Australia	2	2	0	1	0	0	1	1	PRJNA562796	2	1	1	PRJNA562796::year=2010	2	1	sparse_cell
AUS	2012	Australia	2	1	1	0.5	0	0	1	1	PRJNA562796	2	1	1	PRJNA562796::year=2012	2	1	sparse_cell
AUS	2013	Australia	2	1	1	0.5	0	0	1	1	PRJNA432286	2	1	1	PRJNA432286::year=2013	2	1	sparse_cell
AUS	2016	Australia	2	0	2	0	0	NA	1	1	PRJNA432286	2	1	NA	PRJNA432286::year=2016	2	1	sparse_cell
AUS	2017	Australia	2	0	2	0	0	NA	1	1	PRJNA432286	2	1	NA	PRJNA432286::year=2017	2	1	sparse_cell
AUS	2024	Australia	2	2	0	1	2	1	1	1	PRJNA1178746	2	1	1	PRJNA1178746::month=8	2	1	sparse_cell
BRA	2004	Brazil	2	0	2	0	0	NA	1	1	PRJNA343027	2	1	NA	PRJNA343027::year=2004	2	1	sparse_cell
CAN	2002	Canada	2	0	2	0	0	NA	1	1	PRJEB2274	2	1	NA	PRJEB2274::year=2002	2	1	sparse_cell
CAN	2004	Canada	2	0	2	0	0	NA	1	1	PRJEB2274	2	1	NA	PRJEB2274::year=2004	2	1	sparse_cell
CHN	1951	China	2	2	0	1	0	0	2	2	PRJNA266616	1	0.5	0.5	PRJNA266616::year=1951	1	0.5	sparse_cell
CHN	1957	China	2	0	2	0	0	NA	1	1	PRJEB2274	2	1	NA	PRJEB2274::year=1957	2	1	sparse_cell
CHN	2020	China	2	1	1	0.5	0	0	2	2	PRJNA1110622	1	0.5	0	PRJNA1110622::year=2020	1	0.5	sparse_cell
CZE	2008	Czech_Republic	2	2	0	1	0	0	1	1	PRJEB26966	2	1	1	PRJEB26966::year=2008	2	1	sparse_cell
CZE	2014	Czech_Republic	2	2	0	1	0	0	1	1	PRJEB26966	2	1	1	PRJEB26966::year=2014	2	1	sparse_cell
FIN	2003	Finland	2	0	2	0	0	NA	1	1	PRJEB2274	2	1	NA	PRJEB2274::year=2003	2	1	sparse_cell
FIN	2014	Finland	2	2	0	1	0	0	1	1	PRJEB45681	2	1	1	PRJEB45681::year=2014	2	1	sparse_cell
FIN	2016	Finland	2	2	0	1	0	0	1	1	PRJEB45681	2	1	1	PRJEB45681::year=2016	2	1	sparse_cell
FRA	1993	France	2	0	2	0	0	NA	1	1	PRJEB2274	2	1	NA	PRJEB2274::year=1993	2	1	sparse_cell
FRA	2004	France	2	0	2	0	0	NA	1	1	PRJEB2274	2	1	NA	PRJEB2274::year=2004	2	1	sparse_cell
FRA	2007	France	2	1	1	0.5	0	0	2	2	PRJEB2274	1	0.5	0	PRJEB2274::year=2007	1	0.5	sparse_cell
FRA	2014	France	2	2	0	1	0	0	2	2	PRJEB27048	1	0.5	0.5	PRJEB27048::year=2014	1	0.5	sparse_cell
GBR	1982	United_Kingdom	2	1	1	0.5	0	0	1	1	PRJEB2274	2	1	1	PRJEB2274::year=1982	2	1	sparse_cell
GBR	2007	United_Kingdom	2	0	2	0	0	NA	1	1	PRJEB2274	2	1	NA	PRJEB2274::year=2007	2	1	sparse_cell
GBR	2008	United_Kingdom	2	0	2	0	0	NA	1	1	PRJEB2274	2	1	NA	PRJEB2274::year=2008	2	1	sparse_cell
IND	2018	India	2	2	0	1	0	0	1	1	PRJNA733591	2	1	1	PRJNA733591::year=2018	2	1	sparse_cell
ITA	1995	Italy	2	0	2	0	0	NA	1	1	PRJEB2274	2	1	NA	PRJEB2274::year=1995	2	1	sparse_cell
JPN	1954	Japan	2	2	0	1	0	0	2	2	PRJNA266616	1	0.5	0.5	PRJNA266616::year=1954	1	0.5	sparse_cell
JPN	1991	Japan	2	1	1	0.5	0	0	1	1	PRJEB2274	2	1	1	PRJEB2274::year=1991	2	1	sparse_cell
JPN	1996	Japan	2	2	0	1	1	0.5	2	2	PRJEB18624	1	0.5	0.5	PRJEB18624::year=1996	1	0.5	sparse_cell
JPN	2001	Japan	2	1	1	0.5	0	0	2	2	PRJEB18624	1	0.5	1	PRJEB18624::year=2001	1	0.5	sparse_cell
JPN	2003	Japan	2	2	0	1	1	0.5	2	2	PRJEB18624	1	0.5	0.5	PRJEB18624::year=2003	1	0.5	sparse_cell
JPN	2006	Japan	2	2	0	1	0	0	2	2	PRJEB18624	1	0.5	0.5	PRJEB18624::year=2006	1	0.5	sparse_cell
JPN	2010	Japan	2	2	0	1	0	0	2	2	PRJDB7578	1	0.5	0.5	PRJDB7578::year=2010	1	0.5	sparse_cell
JPN	2011	Japan	2	2	0	1	0	0	2	2	PRJDB7578	1	0.5	0.5	PRJDB7578::year=2011	1	0.5	sparse_cell
NLD	1977	Netherlands	2	0	2	0	0	NA	1	1	PRJEB2274	2	1	NA	PRJEB2274::year=1977	2	1	sparse_cell
NLD	2010	Netherlands	2	2	0	1	1	0.5	1	1	PRJNA281570	2	1	1	PRJNA281570::year=2010	2	1	sparse_cell
NLD	2012	Netherlands	2	2	0	1	0	0	1	1	PRJNA281570	2	1	1	PRJNA281570::year=2012	2	1	sparse_cell
NZL	2002	New_Zealand	2	2	0	1	0	0	1	1	PRJNA556977	2	1	1	PRJNA556977::year=2002	2	1	sparse_cell
NZL	2004	New_Zealand	2	2	0	1	0	0	1	1	PRJNA556977	2	1	1	PRJNA556977::year=2004	2	1	sparse_cell
NZL	2006	New_Zealand	2	2	0	1	0	0	1	1	PRJNA556977	2	1	1	PRJNA556977::year=2006	2	1	sparse_cell
NZL	2007	New_Zealand	2	2	0	1	0	0	1	1	PRJNA556977	2	1	1	PRJNA556977::year=2007	2	1	sparse_cell
NZL	2008	New_Zealand	2	2	0	1	0	0	1	1	PRJNA556977	2	1	1	PRJNA556977::year=2008	2	1	sparse_cell
NZL	2010	New_Zealand	2	2	0	1	0	0	1	1	PRJNA556977	2	1	1	PRJNA556977::year=2010	2	1	sparse_cell
NZL	2011	New_Zealand	2	2	0	1	0	0	1	1	PRJNA556977	2	1	1	PRJNA556977::year=2011	2	1	sparse_cell
NZL	2013	New_Zealand	2	2	0	1	2	1	1	1	PRJNA556977	2	1	1	PRJNA556977::year=2013	2	1	sparse_cell
NZL	2014	New_Zealand	2	2	0	1	2	1	1	1	PRJNA556977	2	1	1	PRJNA556977::year=2014	2	1	sparse_cell
NZL	2015	New_Zealand	2	2	0	1	1	0.5	1	1	PRJNA556977	2	1	1	PRJNA556977::year=2015	2	1	sparse_cell
POL	1974	Poland	2	0	2	0	0	NA	1	1	PRJEB2103	2	1	NA	PRJEB2103::year=1974	2	1	sparse_cell
SWE	1999	Sweden	2	0	2	0	0	NA	1	1	PRJEB2274	2	1	NA	PRJEB2274::year=1999	2	1	sparse_cell
SWE	2009	Sweden	2	2	0	1	1	0.5	1	1	PRJNA281570	2	1	1	PRJNA281570::year=2009	2	1	sparse_cell
TWN	1992	China-Taiwan	2	0	2	0	0	NA	1	1	PRJEB2274	2	1	NA	PRJEB2274::year=1992	2	1	sparse_cell
TWN	1998	China-Taiwan	2	0	2	0	0	NA	1	1	PRJEB2274	2	1	NA	PRJEB2274::year=1998	2	1	sparse_cell
TWN	2000	China-Taiwan	2	0	2	0	0	NA	1	1	PRJEB2274	2	1	NA	PRJEB2274::year=2000	2	1	sparse_cell
TWN	2006	China-Taiwan	2	0	2	0	0	NA	1	1	PRJEB2274	2	1	NA	PRJEB2274::year=2006	2	1	sparse_cell
USA	1939	USA	2	2	0	1	1	0.5	2	2	PRJEB2274	1	0.5	0.5	PRJEB2274::year=1939	1	0.5	sparse_cell
USA	1946	USA	2	2	0	1	1	0.5	2	2	PRJEB2274	1	0.5	0.5	PRJEB2274::year=1946	1	0.5	sparse_cell
USA	1947	USA	2	2	0	1	0	0	1	1	PRJNA279196	2	1	1	PRJNA279196::year=1947	2	1	sparse_cell
USA	1997	USA	2	2	0	1	1	0.5	1	1	PRJEB2274	2	1	1	PRJEB2274::year=1997	2	1	sparse_cell
USA	1998	USA	2	1	1	0.5	0	0	1	1	PRJEB2274	2	1	1	PRJEB2274::year=1998	2	1	sparse_cell
USA	2006	USA	2	2	0	1	0	0	1	1	PRJNA279196	2	1	1	PRJNA279196::year=2006	2	1	sparse_cell
ARG	1969	Argentina	1	0	1	0	0	NA	1	1	PRJEB2274	1	1	NA	PRJEB2274::year=1969	1	1	sparse_cell
ARG	2003	Argentina	1	0	1	0	0	NA	1	1	PRJEB2274	1	1	NA	PRJEB2274::year=2003	1	1	sparse_cell
ARG	2005	Argentina	1	0	1	0	0	NA	1	1	PRJEB2274	1	1	NA	PRJEB2274::year=2005	1	1	sparse_cell
ARG	2006	Argentina	1	0	1	0	0	NA	1	1	PRJEB2274	1	1	NA	PRJEB2274::year=2006	1	1	sparse_cell
ARG	2007	Argentina	1	0	1	0	0	NA	1	1	PRJEB2274	1	1	NA	PRJEB2274::year=2007	1	1	sparse_cell
ARG	2008	Argentina	1	0	1	0	0	NA	1	1	PRJEB2274	1	1	NA	PRJEB2274::year=2008	1	1	sparse_cell
AUS	1974	Australia	1	1	0	1	0	0	1	1	PRJEB2274	1	1	1	PRJEB2274::year=1974	1	1	sparse_cell
AUS	1978	Australia	1	1	0	1	1	1	1	1	PRJEB2274	1	1	1	PRJEB2274::year=1978	1	1	sparse_cell
AUS	1982	Australia	1	0	1	0	0	NA	1	1	PRJEB2274	1	1	NA	PRJEB2274::year=1982	1	1	sparse_cell
AUS	1990	Australia	1	1	0	1	1	1	1	1	PRJEB2274	1	1	1	PRJEB2274::year=1990	1	1	sparse_cell
AUS	1996	Australia	1	1	0	1	0	0	1	1	PRJEB2274	1	1	1	PRJEB2274::year=1996	1	1	sparse_cell
AUS	2006	Australia	1	1	0	1	0	0	1	1	PRJEB2274	1	1	1	PRJEB2274::year=2006	1	1	sparse_cell
BRA	2008	Brazil	1	0	1	0	0	NA	1	1	PRJNA343027	1	1	NA	PRJNA343027::year=2008	1	1	sparse_cell
BRA	2011	Brazil	1	0	1	0	0	NA	1	1	PRJNA343027	1	1	NA	PRJNA343027::week=2011-W38	1	1	sparse_cell
BRA	2013	Brazil	1	0	1	0	0	NA	1	1	PRJNA343027	1	1	NA	PRJNA343027::year=2013	1	1	sparse_cell
CAN	1994	Canada	1	0	1	0	0	NA	1	1	PRJEB2274	1	1	NA	PRJEB2274::year=1994	1	1	sparse_cell
CAN	2000	Canada	1	0	1	0	0	NA	1	1	PRJEB2274	1	1	NA	PRJEB2274::year=2000	1	1	sparse_cell
CAN	2005	Canada	1	0	1	0	0	NA	1	1	PRJEB2274	1	1	NA	PRJEB2274::year=2005	1	1	sparse_cell
CHN	1970	China	1	0	1	0	0	NA	1	1	PRJNA263311	1	1	NA	PRJNA263311::year=1970	1	1	sparse_cell
CHN	1980	China	1	0	1	0	0	NA	1	1	PRJNA263311	1	1	NA	PRJNA263311::year=1980	1	1	sparse_cell
CHN	1983	China	1	0	1	0	0	NA	1	1	PRJNA263311	1	1	NA	PRJNA263311::year=1983	1	1	sparse_cell
CHN	1997	China	1	0	1	0	0	NA	1	1	PRJNA263311	1	1	NA	PRJNA263311::year=1997	1	1	sparse_cell
CHN	2001	China	1	0	1	0	0	NA	1	1	PRJNA263311	1	1	NA	PRJNA263311::year=2001	1	1	sparse_cell
CZE	2015	Czech_Republic	1	1	0	1	0	0	1	1	PRJEB26966	1	1	1	PRJEB26966::year=2015	1	1	sparse_cell
DNK	1962	Denmark	1	0	1	0	0	NA	1	1	PRJEB2274	1	1	NA	PRJEB2274::year=1962	1	1	sparse_cell
DNK	1968	Denmark	1	0	1	0	0	NA	1	1	PRJEB2274	1	1	NA	PRJEB2274::year=1968	1	1	sparse_cell
DNK	1974	Denmark	1	0	1	0	0	NA	1	1	PRJEB2274	1	1	NA	PRJEB2274::year=1974	1	1	sparse_cell
DNK	2002	Denmark	1	0	1	0	0	NA	1	1	PRJEB2274	1	1	NA	PRJEB2274::year=2002	1	1	sparse_cell
DNK	2005	Denmark	1	0	1	0	0	NA	1	1	PRJEB2274	1	1	NA	PRJEB2274::year=2005	1	1	sparse_cell
DNK	2007	Denmark	1	0	1	0	0	NA	1	1	PRJEB2274	1	1	NA	PRJEB2274::year=2007	1	1	sparse_cell
ESP	2010	Spain	1	1	0	1	0	0	1	1	PRJNA1066129	1	1	1	PRJNA1066129::week=2010-W14	1	1	sparse_cell
FIN	1953	Finland	1	0	1	0	0	NA	1	1	PRJEB2274	1	1	NA	PRJEB2274::year=1953	1	1	sparse_cell
FIN	1964	Finland	1	0	1	0	0	NA	1	1	PRJEB2274	1	1	NA	PRJEB2274::year=1964	1	1	sparse_cell
FIN	1965	Finland	1	0	1	0	0	NA	1	1	PRJEB2274	1	1	NA	PRJEB2274::year=1965	1	1	sparse_cell
FIN	1977	Finland	1	0	1	0	0	NA	1	1	PRJEB2274	1	1	NA	PRJEB2274::year=1977	1	1	sparse_cell
FIN	1982	Finland	1	0	1	0	0	NA	1	1	PRJEB2274	1	1	NA	PRJEB2274::year=1982	1	1	sparse_cell
FIN	1991	Finland	1	0	1	0	0	NA	1	1	PRJEB2274	1	1	NA	PRJEB2274::year=1991	1	1	sparse_cell
FIN	1994	Finland	1	0	1	0	0	NA	1	1	PRJEB2274	1	1	NA	PRJEB2274::year=1994	1	1	sparse_cell
FIN	1996	Finland	1	0	1	0	0	NA	1	1	PRJEB2274	1	1	NA	PRJEB2274::year=1996	1	1	sparse_cell
FIN	1999	Finland	1	0	1	0	0	NA	1	1	PRJEB2274	1	1	NA	PRJEB2274::year=1999	1	1	sparse_cell
FIN	2002	Finland	1	0	1	0	0	NA	1	1	PRJEB2274	1	1	NA	PRJEB2274::year=2002	1	1	sparse_cell
FIN	2004	Finland	1	0	1	0	0	NA	1	1	PRJEB2274	1	1	NA	PRJEB2274::year=2004	1	1	sparse_cell
FRA	1995	France	1	0	1	0	0	NA	1	1	PRJEB2274	1	1	NA	PRJEB2274::year=1995	1	1	sparse_cell
FRA	1996	France	1	0	1	0	0	NA	1	1	PRJEB2274	1	1	NA	PRJEB2274::year=1996	1	1	sparse_cell
FRA	1999	France	1	0	1	0	0	NA	1	1	PRJEB2274	1	1	NA	PRJEB2274::year=1999	1	1	sparse_cell
FRA	2000	France	1	0	1	0	0	NA	1	1	PRJEB2274	1	1	NA	PRJEB2274::year=2000	1	1	sparse_cell
FRA	2002	France	1	0	1	0	0	NA	1	1	PRJEB2274	1	1	NA	PRJEB2274::year=2002	1	1	sparse_cell
FRA	2005	France	1	0	1	0	0	NA	1	1	PRJEB2274	1	1	NA	PRJEB2274::year=2005	1	1	sparse_cell
FRA	2008	France	1	1	0	1	0	0	1	1	PRJNA281570	1	1	1	PRJNA281570::year=2008	1	1	sparse_cell
FRA	2009	France	1	1	0	1	1	1	1	1	PRJNA281570	1	1	1	PRJNA281570::year=2009	1	1	sparse_cell
GBR	1920	United_Kingdom	1	0	1	0	0	NA	1	1	PRJEB2274	1	1	NA	PRJEB2274::year=1920	1	1	sparse_cell
GBR	1942	United_Kingdom	1	0	1	0	0	NA	1	1	PRJEB2274	1	1	NA	PRJEB2274::year=1942	1	1	sparse_cell
GBR	1946	United_Kingdom	1	1	0	1	0	0	1	1	PRJEB2274	1	1	1	PRJEB2274::year=1946	1	1	sparse_cell
GBR	1947	United_Kingdom	1	0	1	0	0	NA	1	1	PRJEB2274	1	1	NA	PRJEB2274::year=1947	1	1	sparse_cell
GBR	1949	United_Kingdom	1	0	1	0	0	NA	1	1	PRJEB2274	1	1	NA	PRJEB2274::year=1949	1	1	sparse_cell
GBR	1950	United_Kingdom	1	1	0	1	0	0	1	1	PRJEB6403	1	1	1	PRJEB6403::year=1950	1	1	sparse_cell
GBR	1964	United_Kingdom	1	1	0	1	0	0	1	1	PRJEB6403	1	1	1	PRJEB6403::year=1964	1	1	sparse_cell
GBR	1979	United_Kingdom	1	0	1	0	0	NA	1	1	PRJEB2274	1	1	NA	PRJEB2274::year=1979	1	1	sparse_cell
GBR	1983	United_Kingdom	1	0	1	0	0	NA	1	1	PRJEB2274	1	1	NA	PRJEB2274::year=1983	1	1	sparse_cell
GBR	1998	United_Kingdom	1	1	0	1	0	0	1	1	PRJEB2274	1	1	1	PRJEB2274::year=1998	1	1	sparse_cell
GBR	2001	United_Kingdom	1	0	1	0	0	NA	1	1	PRJEB2274	1	1	NA	PRJEB2274::year=2001	1	1	sparse_cell
GBR	2003	United_Kingdom	1	0	1	0	0	NA	1	1	PRJEB2274	1	1	NA	PRJEB2274::year=2003	1	1	sparse_cell
GBR	2004	United_Kingdom	1	0	1	0	0	NA	1	1	PRJEB2274	1	1	NA	PRJEB2274::year=2004	1	1	sparse_cell
GBR	2005	United_Kingdom	1	0	1	0	0	NA	1	1	PRJEB2274	1	1	NA	PRJEB2274::year=2005	1	1	sparse_cell
GBR	2006	United_Kingdom	1	0	1	0	0	NA	1	1	PRJEB2274	1	1	NA	PRJEB2274::year=2006	1	1	sparse_cell
HKG	2004	China-Hong_Kong	1	0	1	0	0	NA	1	1	PRJEB2274	1	1	NA	PRJEB2274::year=2004	1	1	sparse_cell
HKG	2006	China-Hong_Kong	1	0	1	0	0	NA	1	1	PRJEB2274	1	1	NA	PRJEB2274::year=2006	1	1	sparse_cell
HTI	2014	Haiti	1	1	0	1	0	0	1	1	PRJNA279196	1	1	1	PRJNA279196::year=2014	1	1	sparse_cell
IND	1977	India	1	0	1	0	0	NA	1	1	PRJNA508597	1	1	NA	PRJNA508597::year=1977	1	1	sparse_cell
IND	2023	India	1	0	1	0	0	NA	1	1	PRJNA1251351	1	1	NA	PRJNA1251351::week=2023-W22	1	1	sparse_cell
ITA	2014	Italy	1	0	1	0	0	NA	1	1	PRJNA287630	1	1	NA	PRJNA287630::week=2014-W14	1	1	sparse_cell
JPN	1950	Japan	1	1	0	1	0	0	1	1	PRJNA231221	1	1	1	PRJNA231221::year=1950	1	1	sparse_cell
JPN	1988	Japan	1	1	0	1	1	1	1	1	PRJEB2274	1	1	1	PRJEB2274::year=1988	1	1	sparse_cell
JPN	1992	Japan	1	1	0	1	0	0	1	1	PRJEB18624	1	1	1	PRJEB18624::year=1992	1	1	sparse_cell
JPN	1994	Japan	1	1	0	1	0	0	1	1	PRJEB18624	1	1	1	PRJEB18624::year=1994	1	1	sparse_cell
JPN	1995	Japan	1	0	1	0	0	NA	1	1	PRJEB2274	1	1	NA	PRJEB2274::year=1995	1	1	sparse_cell
JPN	1998	Japan	1	0	1	0	0	NA	1	1	PRJEB2274	1	1	NA	PRJEB2274::year=1998	1	1	sparse_cell
JPN	2002	Japan	1	0	1	0	0	NA	1	1	PRJEB2274	1	1	NA	PRJEB2274::year=2002	1	1	sparse_cell
JPN	2007	Japan	1	1	0	1	1	1	1	1	PRJEB2274	1	1	1	PRJEB2274::year=2007	1	1	sparse_cell
JPN	2008	Japan	1	1	0	1	0	0	1	1	PRJEB18624	1	1	1	PRJEB18624::year=2008	1	1	sparse_cell
JPN	2009	Japan	1	1	0	1	0	0	1	1	PRJEB18624	1	1	1	PRJEB18624::year=2009	1	1	sparse_cell
JPN	2012	Japan	1	1	0	1	0	0	1	1	PRJDB7578	1	1	1	PRJDB7578::year=2012	1	1	sparse_cell
JPN	2015	Japan	1	1	0	1	0	0	1	1	PRJDB7578	1	1	1	PRJDB7578::year=2015	1	1	sparse_cell
JPN	2016	Japan	1	1	0	1	0	0	1	1	PRJDB7578	1	1	1	PRJDB7578::year=2016	1	1	sparse_cell
JPN	2019	Japan	1	1	0	1	0	0	1	1	PRJDB7578	1	1	1	PRJDB7578::year=2019	1	1	sparse_cell
JPN	2020	Japan	1	1	0	1	0	0	1	1	PRJDB7578	1	1	1	PRJDB7578::year=2020	1	1	sparse_cell
MEX	2008	Mexico	1	0	1	0	0	NA	1	1	PRJNA394744	1	1	NA	PRJNA394744::week=2008-W32	1	1	sparse_cell
MEX	2009	Mexico	1	0	1	0	0	NA	1	1	PRJNA394744	1	1	NA	PRJNA394744::week=2009-W12	1	1	sparse_cell
MEX	2012	Mexico	1	0	1	0	0	NA	1	1	PRJNA394744	1	1	NA	PRJNA394744::week=2012-W10	1	1	sparse_cell
MEX	2014	Mexico	1	0	1	0	0	NA	1	1	PRJNA394744	1	1	NA	PRJNA394744::year=2014	1	1	sparse_cell
NLD	1949	Netherlands	1	0	1	0	0	NA	1	1	PRJEB2274	1	1	NA	PRJEB2274::year=1949	1	1	sparse_cell
NLD	1952	Netherlands	1	0	1	0	0	NA	1	1	PRJEB2274	1	1	NA	PRJEB2274::year=1952	1	1	sparse_cell
NLD	1954	Netherlands	1	0	1	0	0	NA	1	1	PRJEB2274	1	1	NA	PRJEB2274::year=1954	1	1	sparse_cell
NLD	1965	Netherlands	1	0	1	0	0	NA	1	1	PRJEB2274	1	1	NA	PRJEB2274::year=1965	1	1	sparse_cell
NLD	1976	Netherlands	1	0	1	0	0	NA	1	1	PRJEB2274	1	1	NA	PRJEB2274::year=1976	1	1	sparse_cell
NLD	1982	Netherlands	1	0	1	0	0	NA	1	1	PRJEB2274	1	1	NA	PRJEB2274::year=1982	1	1	sparse_cell
NLD	1988	Netherlands	1	0	1	0	0	NA	1	1	PRJEB2274	1	1	NA	PRJEB2274::year=1988	1	1	sparse_cell
NLD	1990	Netherlands	1	0	1	0	0	NA	1	1	PRJEB2274	1	1	NA	PRJEB2274::year=1990	1	1	sparse_cell
NLD	1991	Netherlands	1	0	1	0	0	NA	1	1	PRJEB2274	1	1	NA	PRJEB2274::year=1991	1	1	sparse_cell
NLD	1996	Netherlands	1	0	1	0	0	NA	1	1	PRJEB2274	1	1	NA	PRJEB2274::year=1996	1	1	sparse_cell
NLD	2001	Netherlands	1	0	1	0	0	NA	1	1	PRJEB2274	1	1	NA	PRJEB2274::year=2001	1	1	sparse_cell
NOR	2009	Norway	1	1	0	1	0	0	1	1	PRJNA281570	1	1	1	PRJNA281570::year=2009	1	1	sparse_cell
NZL	1983	New_Zealand	1	1	0	1	0	0	1	1	PRJNA556977	1	1	1	PRJNA556977::year=1983	1	1	sparse_cell
NZL	1984	New_Zealand	1	1	0	1	0	0	1	1	PRJNA556977	1	1	1	PRJNA556977::year=1984	1	1	sparse_cell
NZL	1985	New_Zealand	1	1	0	1	0	0	1	1	PRJNA556977	1	1	1	PRJNA556977::year=1985	1	1	sparse_cell
NZL	1987	New_Zealand	1	1	0	1	0	0	1	1	PRJNA556977	1	1	1	PRJNA556977::year=1987	1	1	sparse_cell
NZL	1988	New_Zealand	1	1	0	1	0	0	1	1	PRJNA556977	1	1	1	PRJNA556977::year=1988	1	1	sparse_cell
NZL	1989	New_Zealand	1	1	0	1	0	0	1	1	PRJNA556977	1	1	1	PRJNA556977::year=1989	1	1	sparse_cell
NZL	1990	New_Zealand	1	1	0	1	0	0	1	1	PRJNA556977	1	1	1	PRJNA556977::year=1990	1	1	sparse_cell
NZL	1991	New_Zealand	1	1	0	1	0	0	1	1	PRJNA556977	1	1	1	PRJNA556977::year=1991	1	1	sparse_cell
NZL	1993	New_Zealand	1	1	0	1	0	0	1	1	PRJNA556977	1	1	1	PRJNA556977::year=1993	1	1	sparse_cell
NZL	1994	New_Zealand	1	1	0	1	0	0	1	1	PRJNA556977	1	1	1	PRJNA556977::year=1994	1	1	sparse_cell
NZL	1997	New_Zealand	1	1	0	1	0	0	1	1	PRJNA556977	1	1	1	PRJNA556977::year=1997	1	1	sparse_cell
NZL	1999	New_Zealand	1	1	0	1	0	0	1	1	PRJNA556977	1	1	1	PRJNA556977::year=1999	1	1	sparse_cell
NZL	2000	New_Zealand	1	1	0	1	0	0	1	1	PRJNA556977	1	1	1	PRJNA556977::year=2000	1	1	sparse_cell
NZL	2001	New_Zealand	1	1	0	1	0	0	1	1	PRJNA556977	1	1	1	PRJNA556977::year=2001	1	1	sparse_cell
NZL	2003	New_Zealand	1	1	0	1	0	0	1	1	PRJNA556977	1	1	1	PRJNA556977::year=2003	1	1	sparse_cell
NZL	2016	New_Zealand	1	1	0	1	0	0	1	1	PRJNA556977	1	1	1	PRJNA556977::year=2016	1	1	sparse_cell
POL	1963	Poland	1	0	1	0	0	NA	1	1	PRJEB2274	1	1	NA	PRJEB2274::year=1963	1	1	sparse_cell
POL	1968	Poland	1	0	1	0	0	NA	1	1	PRJEB2274	1	1	NA	PRJEB2274::year=1968	1	1	sparse_cell
POL	1995	Poland	1	0	1	0	0	NA	1	1	PRJEB2103	1	1	NA	PRJEB2103::year=1995	1	1	sparse_cell
POL	1997	Poland	1	0	1	0	0	NA	1	1	PRJEB2103	1	1	NA	PRJEB2103::year=1997	1	1	sparse_cell
POL	1999	Poland	1	0	1	0	0	NA	1	1	PRJEB2103	1	1	NA	PRJEB2103::year=1999	1	1	sparse_cell
POL	2000	Poland	1	0	1	0	0	NA	1	1	PRJEB2103	1	1	NA	PRJEB2103::year=2000	1	1	sparse_cell
RUS	2001	Russia	1	0	1	0	0	NA	1	1	PRJEB2274	1	1	NA	PRJEB2274::year=2001	1	1	sparse_cell
RUS	2002	Russia	1	0	1	0	0	NA	1	1	PRJEB2274	1	1	NA	PRJEB2274::year=2002	1	1	sparse_cell
SWE	1956	Sweden	1	0	1	0	0	NA	1	1	PRJEB2274	1	1	NA	PRJEB2274::year=1956	1	1	sparse_cell
SWE	1971	Sweden	1	0	1	0	0	NA	1	1	PRJEB2274	1	1	NA	PRJEB2274::year=1971	1	1	sparse_cell
SWE	1986	Sweden	1	0	1	0	0	NA	1	1	PRJEB2274	1	1	NA	PRJEB2274::year=1986	1	1	sparse_cell
SWE	1998	Sweden	1	0	1	0	0	NA	1	1	PRJEB2274	1	1	NA	PRJEB2274::year=1998	1	1	sparse_cell
SWE	2000	Sweden	1	0	1	0	0	NA	1	1	PRJEB2274	1	1	NA	PRJEB2274::year=2000	1	1	sparse_cell
SWE	2002	Sweden	1	0	1	0	0	NA	1	1	PRJEB2274	1	1	NA	PRJEB2274::year=2002	1	1	sparse_cell
SWE	2006	Sweden	1	0	1	0	0	NA	1	1	PRJEB2274	1	1	NA	PRJEB2274::year=2006	1	1	sparse_cell
TWN	1997	China-Taiwan	1	0	1	0	0	NA	1	1	PRJEB2274	1	1	NA	PRJEB2274::year=1997	1	1	sparse_cell
TWN	2004	China-Taiwan	1	0	1	0	0	NA	1	1	PRJEB2274	1	1	NA	PRJEB2274::year=2004	1	1	sparse_cell
USA	1952	USA	1	1	0	1	0	0	1	1	PRJNA231221	1	1	1	PRJNA231221::year=1952	1	1	sparse_cell
USA	1955	USA	1	1	0	1	0	0	1	1	PRJNA279196	1	1	1	PRJNA279196::year=1955	1	1	sparse_cell
USA	1978	USA	1	1	0	1	1	1	1	1	PRJEB2274	1	1	1	PRJEB2274::year=1978	1	1	sparse_cell
USA	1986	USA	1	0	1	0	0	NA	1	1	PRJEB2274	1	1	NA	PRJEB2274::year=1986	1	1	sparse_cell
USA	2022	USA	1	1	0	1	0	0	1	1	PRJNA998821	1	1	1	PRJNA998821::week=2022-W42	1	1	sparse_cell
USA	2024	USA	1	1	0	1	0	0	1	1	PRJNA1215303	1	1	1	PRJNA1215303::week=2024-W50	1	1	sparse_cell
USA	2025	USA	1	1	0	1	0	0	1	1	PRJNA1215303	1	1	1	PRJNA1215303::week=2025-W30	1	1	sparse_cell
ZAF	2017	South_Africa	1	1	0	1	0	0	1	1	PRJNA929342	1	1	1	PRJNA929342::year=2017	1	1	sparse_cell
