source_id	source_name	source_url	source_kind	source_domain	country_iso3	source_release_date	source_access_date	freeze_policy	notes
maternal_program_isr_academic_oup_com_5186666	5186666	https://academic.oup.com/eurpub/article/28/suppl_4/cky213.237/5186666	literature	maternal_program	ISR		2026-04-09	access_date_only_allowed	used_in=maternal_program:ISR:pregnant
formulation_cze_archiv_szu_cz_2018_doporuceni_cvs_a_ospdl_pdf	Czech 2018 hexavaccine recommendation	https://archiv.szu.cz/uploads/Epidemiologie/Ockovani/2018_Doporuceni_CVS_a_OSPDL.pdf	pdf_report	formulation	CZE	2017-12-14	2026-04-09	release_and_access_date	used_in=formulation:CZE:2007|2017; formulation:CZE:2018|2021
maternal_program_gbr_assets_publishing_service_gov_uk_130510_pertussis_continuat	130510_Pertussis_continuation_letter_FINAL.pdf	https://assets.publishing.service.gov.uk/media/5a7acf00ed915d670dd7eb59/130510_Pertussis_continuation_letter_FINAL.pdf	pdf_report	maternal_program	GBR		2026-04-09	access_date_only_allowed	used_in=maternal_program:GBR:pregnant_intro
formulation_ind_cdsco_mohfw_gov_in_113_20liquid_20pentavalent_20vaccine_20_28bio	CDSCO Liquid Pentavalent (Bio E) SmPC	https://cdsco.mohfw.gov.in/opencms/resources/UploadCDSCOWeb/2018/UploadSmPC/113.%20Liquid%20Pentavalent%20Vaccine%20%28Bio%20E.%20Ltd%29.pdf	pdf_report	formulation	IND		2026-04-09	access_date_only_allowed	used_in=formulation:IND:2001|2024
formulation_ind_cdsco_mohfw_gov_in_dtpvaccinebiological_20e_pdf	CDSCO DTwP Biological E SmPC	https://cdsco.mohfw.gov.in/opencms/resources/UploadCDSCOWeb/2018/UploadSmPC/DTPVaccineBiological%20E.pdf	pdf_report	formulation	IND	2022-12-01	2026-04-09	release_and_access_date	used_in=formulation:IND:2001|2024
formulation_chn_en_biokangtai_com_10_html	Shenzhen Kangtai DTaP-Hib-IPV product page	https://en.biokangtai.com/Product_Details/10.html	official_page	formulation	CHN	2024-01-01	2026-04-09	release_and_access_date	used_in=formulation:CHN:2012|2025
reporting_era_chl_epi_minsal_cl_page	Coqueluche (tos ferina) - EPI - Departamento de Epidemiologia	https://epi.minsal.cl/coqueluche/	surveillance_report	reporting_era	CHL		2026-04-09	access_date_only_allowed	used_in=reporting_era:country|CHL:primary
reporting_era_chl_epi_minsal_cl_page_2	Enfermedades de notificación obligatoria - EPI - Departamento de Epidemiologia	https://epi.minsal.cl/enfermedades-de-notificacion-obligatoria/	surveillance_report	reporting_era	CHL		2026-04-09	access_date_only_allowed	used_in=reporting_era:country|CHL:secondary
reporting_era_mex_epidemiologia_salud_gob_mx_35_manual_ve_epv_pdf	Manual de Procedimientos Estandarizados de Enfermedades Prevenibles por Vacunación	https://epidemiologia.salud.gob.mx/gobmx/salud/documentos/manuales/35_Manual_VE_EPV.pdf	pdf_report	reporting_era	MEX		2026-04-09	access_date_only_allowed	used_in=reporting_era:country|MEX:secondary
reporting_era_mex_epidemiologia_salud_gob_mx_definicionesoperacionales_padecimie	Definiciones Operacionales de Padecimientos Sujetos a Vigilancia Epidemiológica	https://epidemiologia.salud.gob.mx/gobmx/salud/documentos/manuales/DefinicionesOperacionales_Padecimientos_Sujetos_a_VE.pdf	pdf_report	reporting_era	MEX		2026-04-09	access_date_only_allowed	used_in=reporting_era:country|MEX:primary
reporting_era_dnk_sst_bornevaccinationsprogrammet_2023	Årsrapport Børnevaccinationsprogrammet 2023	https://www.sst.dk/-/media/Udgivelser/2024/B%C3%B8rnevaccination/FINAL_BOERNEVACCINATION_AARSRAPPORT_2023-a_webtilgaengelig.ashx?hash=80A715703841CE248AB2AB9B394DE2CE&sc_lang=da	pdf_report	reporting_era	DNK		2026-04-10	access_date_only_allowed	used_in=reporting_era:country|DNK:primary
reporting_era_dnk_sst_anmeldelse_smitsomme_sygdomme	Vejledning om anmeldelse af smitsomme sygdomme	https://www.sst.dk/-/media/Udgivelser/2023/Smitsomme-sygdomme/Vejledning-om-anmeldelse-af-smitsomme-sygdomme.ashx	guidance	reporting_era	DNK		2026-04-10	access_date_only_allowed	used_in=reporting_era:country|DNK:secondary
reporting_era_nor_fhi_kikhoste_pertussis	Kikhoste (pertussis) - FHI Smittevernveilederen	https://www.fhi.no/sm/smittevernhandboka/sykdommer-a-a/kikhoste-pertussis/	guidance	reporting_era	NOR		2026-04-10	access_date_only_allowed	used_in=reporting_era:country|NOR:primary
reporting_era_ita_epicentro_pertosse	Pertosse - EpiCentro	https://www.epicentro.iss.it/pertosse/	official_page	reporting_era	ITA		2026-04-10	access_date_only_allowed	used_in=reporting_era:country|ITA:primary
reporting_era_ita_salute_premal	Sorveglianza delle malattie infettive PREMAL	https://www.salute.gov.it/new/it/sistema-informativo/sorveglianza-delle-malattie-infettive-premal/	official_page	reporting_era	ITA		2026-04-10	access_date_only_allowed	used_in=reporting_era:country|ITA:secondary
reporting_era_prt_dgs_relatorio_vacinacao_2023	Relatório Anual da Vacinação 2023	https://www.dgs.pt/ficheiros-de-upload-2013/dgs_pnv_2023-pdf.aspx	pdf_report	reporting_era	PRT		2026-04-10	access_date_only_allowed	used_in=reporting_era:country|PRT:primary
reporting_era_prt_dgs_definicoes_caso_notificacao	Definições de Caso de Doenças Transmissíveis - Doenças de Notificação Obrigatória	https://www.dgs.pt/documentos-em-discussao-publica/definicoes-de-caso-de-doencas-transmissiveis-doencas-de-notificacao-obrigatoria1.aspx	guidance	reporting_era	PRT		2026-04-10	access_date_only_allowed	used_in=reporting_era:country|PRT:secondary
formulation_zaf_extranet_who_int_vpsar_20_28vaccine_20public_20summary_20assessm	WHO/Sanofi Hexaxim product information	https://extranet.who.int/prequal/sites/default/files/sf_files/sf_finishedvaccineproducts/VPSAR%20%28Vaccine%20Public%20Summary%20Assessment%20Report%29-pq_284_Hexaxim_1dose_SP_VPSAR.pdf	pdf_report	formulation	ZAF	2024-01-01	2026-04-09	release_and_access_date	used_in=formulation:ZAF:2010|2024
formulation_gtm_extranet_who_int_fvp_p_87_270_dtp_hb_hib_panacea_pi_092025_pdf	WHO-prequalified DTwP-HepB-Hib package insert	https://extranet.who.int/prequal/sites/default/files/vwa_vaccine/FVP-P-87-270_DTP-HB-Hib_Panacea_PI-092025.pdf	pdf_report	formulation	GTM	2025-09-01	2026-04-09	release_and_access_date	used_in=formulation:GTM:2000|2019
maternal_program_aus_immunisationhandbook_health_gov_au_pregnant_women_are_recom	pregnant-women-are-recommended-to-receive-a-single-dose-of-pertussis-containing-vaccine-in-each-pregnancy	https://immunisationhandbook.health.gov.au/recommendations/pregnant-women-are-recommended-to-receive-a-single-dose-of-pertussis-containing-vaccine-in-each-pregnancy	guidance	maternal_program	AUS		2026-04-09	access_date_only_allowed	used_in=maternal_program:AUS:pregnant
reporting_era_immunizationdata_who_int_page	WHO Immunization Data Portal	https://immunizationdata.who.int/	dashboard	reporting_era			2026-04-09	access_date_only_allowed	used_in=reporting_era:global_standard|WHO:secondary
raw_snapshot_immunizationdata_who_int_diphtheria_tetanus_toxoid_and_pertussis_dt	WHO/UNICEF WUENIC	https://immunizationdata.who.int/global/wiise-detail-page/diphtheria-tetanus-toxoid-and-pertussis-(dtp)-vaccination-coverage?CODE=Global&GROUP=WHO_REGIONS+Countries&ANTIGEN=DTPCV1+DTPCV3&YEAR=	dashboard	raw_snapshot		2026-03-19	2026-04-09	release_and_access_date	used_in=raw_source_meta:wuenic|Diphtheria tetanus toxoid and pertussis (DTP) vaccination coverage 2026-19-03 15-27 UTC.xlsx
raw_snapshot_immunizationdata_who_int_introduction_of_ap_acellular_pertussis_vac	WHO Immunization Data portal	https://immunizationdata.who.int/global/wiise-detail-page/introduction-of-ap-(acellular-pertussis)-vaccine	dashboard	raw_snapshot		2026-03-21	2026-04-09	release_and_access_date	used_in=raw_source_meta:vaccine_program_docs|Introduction of aP (acellular pertussis) vaccine 2026-21-03 23-11 UTC.xlsx
raw_snapshot_immunizationdata_who_int_pertussis_reported_cases_and_incidence	WHO Immunization Data portal	https://immunizationdata.who.int/global/wiise-detail-page/pertussis-reported-cases-and-incidence?CODE=Global&GROUP=Countries+WHO_REGIONS&YEAR=	dashboard	raw_snapshot		2026-03-19	2026-04-09	release_and_access_date	used_in=raw_source_meta:who_cases|Pertussis reported cases and incidence 2026-19-03 17-25 UTC.xlsx
maternal_program_nzl_info_health_nz_whooping_cough_pertussis_vaccine	whooping-cough-pertussis-vaccine	https://info.health.nz/immunisations/vaccines-aotearoa/whooping-cough-pertussis-vaccine	official_page	maternal_program	NZL		2026-04-09	access_date_only_allowed	used_in=maternal_program:NZL:pregnant
maternal_program_zaf_knowledgehub_health_gov_za_kh_20webinar_20session_202_20tda	KH%20webinar%20Session%202%20Tdap%20-%20final.pdf	https://knowledgehub.health.gov.za/system/files/2023-11/KH%20webinar%20Session%202%20Tdap%20-%20final.pdf	pdf_report	maternal_program	ZAF		2026-04-09	access_date_only_allowed	used_in=maternal_program:ZAF:pregnant; maternal_program:ZAF:pregnant_intro
formulation_zaf_knowledgehub_health_gov_za_epi_2520vaccinator_2520manual_2015_pd	South Africa EPI vaccinator manual	https://knowledgehub.health.gov.za/system/files/elibdownloads/2023-04/EPI%2520Vaccinator%2520Manual-2015.pdf	pdf_report	formulation	ZAF	2015-01-01	2026-04-09	release_and_access_date	used_in=formulation:ZAF:2010|2024
formulation_jpn_mhlw_grants_niph_go_jp_202418035a_buntan3_pdf	National Institute of Public Health Japan report on pertussis-containing vaccine antigen composition	https://mhlw-grants.niph.go.jp/system/files/report_pdf/202418035A-buntan3.pdf	pdf_report	formulation	JPN	2025-01-01	2026-04-09	release_and_access_date	used_in=formulation:JPN:2012|2025
reporting_era_usa_ndc_services_cdc_gov_page	CDC pertussis case definition (Revised May 2, 1997)	https://ndc.services.cdc.gov/case-definitions/pertussis-1997-05-02/	official_page	reporting_era	USA		2026-04-09	access_date_only_allowed	used_in=reporting_era:country|USA:primary
maternal_program_ind_pmc_ncbi_nlm_nih_gov_page	https://pmc.ncbi.nlm.nih.gov/articles/PMC10324430/	https://pmc.ncbi.nlm.nih.gov/articles/PMC10324430/	literature	maternal_program	IND		2026-04-09	access_date_only_allowed	used_in=maternal_program:IND:pregnant
maternal_program_mex_pmc_ncbi_nlm_nih_gov_page	https://pmc.ncbi.nlm.nih.gov/articles/PMC5287315/	https://pmc.ncbi.nlm.nih.gov/articles/PMC5287315/	literature	maternal_program	MEX		2026-04-09	access_date_only_allowed	used_in=maternal_program:MEX:pregnant
maternal_program_bra_pmc_ncbi_nlm_nih_gov_page	https://pmc.ncbi.nlm.nih.gov/articles/PMC7012156/	https://pmc.ncbi.nlm.nih.gov/articles/PMC7012156/	literature	maternal_program	BRA		2026-04-09	access_date_only_allowed	used_in=maternal_program:BRA:pregnant
formulation_chn_pmc_ncbi_nlm_nih_gov_page	recent China vaccine genomics/review papers	https://pmc.ncbi.nlm.nih.gov/articles/PMC8371876/	literature	formulation	CHN	2021-08-01	2026-04-09	release_and_access_date	used_in=formulation:CHN:2012|2025
maternal_program_arg_pmc_ncbi_nlm_nih_gov_page	https://pmc.ncbi.nlm.nih.gov/articles/PMC8876368/	https://pmc.ncbi.nlm.nih.gov/articles/PMC8876368/	literature	maternal_program	ARG		2026-04-09	access_date_only_allowed	used_in=maternal_program:ARG:pregnant
raw_snapshot_qap_ecdc_europa_eu_amc2_dashboard_html	ECDC ESAC-Net antimicrobial consumption dashboard	https://qap.ecdc.europa.eu/public/extensions/AMC2_Dashboard/AMC2_Dashboard.html	dashboard	raw_snapshot		2026-03-23	2026-04-09	release_and_access_date	used_in=raw_source_meta:esacnet_amu|Trend of the consumption of  A J01 community.XLSX; raw_source_meta:esacnet_amu|Trend of the consumption of  A J01 total care.XLSX; raw_source_meta:esacnet_amu|Trend of the consumption of  A J01FA community.XLSX; raw_source_meta:esacnet_amu|Trend of the consumption of  A J01FA total care.XLSX
maternal_program_nld_rijksvaccinatieprogramma_nl_maternal_whooping_cough	maternal-whooping-cough	https://rijksvaccinatieprogramma.nl/en/vaccinations/maternal-whooping-cough	official_page	maternal_program	NLD		2026-04-09	access_date_only_allowed	used_in=maternal_program:NLD:pregnant
formulation_fra_sante_gouv_fr_calendrier_vaccinal_oct24_pdf	French 2024 vaccination calendar	https://sante.gouv.fr/IMG/pdf/calendrier_vaccinal_oct24.pdf	pdf_report	formulation	FRA	2024-10-01	2026-04-09	release_and_access_date	used_in=formulation:FRA:2013|2024
reporting_era_bel_sciensano_be_kinkhoest_epidemiologie_jaarrapport_2022_fr_pdf	Surveillance épidémiologique de la coqueluche	https://sciensano.be/sites/default/files/kinkhoest-epidemiologie-jaarrapport-2022-fr.pdf	pdf_report	reporting_era	BEL		2026-04-09	access_date_only_allowed	used_in=reporting_era:country|BEL:secondary
formulation_cze_szu_cz_ockovaci_kalendar_pro_deti_a_dospele_pdf	Czech 2022 reimbursed immunisation calendar	https://szu.cz/wp-content/uploads/2023/11/Ockovaci-kalendar-pro-deti-a-dospele.pdf	pdf_report	formulation	CZE	2024-11-29	2026-04-09	release_and_access_date	used_in=formulation:CZE:2022|2024
reporting_era_cze_szu_gov_cz_page	Serologicky prukaz pertuse a parapertuse	https://szu.gov.cz/temata-zdravi-a-bezpecnosti/a-z-infekce/d/davivy-kasel-pertuse/serologicky-prukaz-pertuse-a-parapertuse/	official_page	reporting_era	CZE		2026-04-09	access_date_only_allowed	used_in=reporting_era:country|CZE:primary
reporting_era_cze_szu_gov_cz_402_410_cem_10_2020_pertuse_pdf	Pertuse a parapertuse v Ceske republice v roce 2019 - epidemiologicka situace	https://szu.gov.cz/wp-content/uploads/2023/03/402_410_CEM_10_2020_pertuse.pdf	pdf_report	reporting_era	CZE		2026-04-09	access_date_only_allowed	used_in=reporting_era:country|CZE:secondary
maternal_program_vaccine_schedule_ecdc_europa_eu_bydisease	ByDisease	https://vaccine-schedule.ecdc.europa.eu/Scheduler/ByDisease?SelectedDiseaseId=3&SelectedCountryIdByDisease=-1	official_page	maternal_program			2026-04-09	access_date_only_allowed	used_in=maternal_program:AUT:pregnant; maternal_program:BEL:pregnant; maternal_program:DEU:pregnant; maternal_program:ESP:pregnant; maternal_program:FRA:pregnant; maternal_program:HUN:pregnant
raw_snapshot_worldhealthorg_shinyapps_io_page	WHO GLASS AMU dataset workbook	https://worldhealthorg.shinyapps.io/glass-dashboard/	dashboard	raw_snapshot		2026-03-23	2026-04-09	release_and_access_date	used_in=raw_source_meta:glass_amu|GLASS-AMU_2016-22_dataset.xlsx
maternal_program_sgp_www_acog_org_update_on_immunization_and_pregnancy_tetanus_d	update-on-immunization-and-pregnancy-tetanus-diphtheria-and-pertussis-vaccination	https://www.acog.org/clinical/clinical-guidance/committee-opinion/articles/2017/09/update-on-immunization-and-pregnancy-tetanus-diphtheria-and-pertussis-vaccination	guidance	maternal_program	SGP		2026-04-09	access_date_only_allowed	used_in=maternal_program:SGP:pregnant
reporting_era_arg_www_argentina_gob_ar_nueva_guia_nacional_de_vigilancia_prevenc	Nueva guía nacional de vigilancia prevención y control de coqueluche	https://www.argentina.gob.ar/noticias/nueva-guia-nacional-de-vigilancia-prevencion-y-control-de-coqueluche	official_page	reporting_era	ARG		2026-04-09	access_date_only_allowed	used_in=reporting_era:country|ARG:primary
reporting_era_arg_www_argentina_gob_ar_20251215_guiacoqueluche_23122025_pdf	Guía coqueluche: vigilancia prevención y control	https://www.argentina.gob.ar/sites/default/files/20251215-guiacoqueluche_23122025.pdf	pdf_report	reporting_era	ARG		2026-04-09	access_date_only_allowed	used_in=reporting_era:country|ARG:secondary
reporting_era_can_www_canada_ca_national_case_definition_html	Canada national case definition: Pertussis	https://www.canada.ca/en/public-health/services/immunization/vaccine-preventable-diseases/pertussis-whooping-cough/health-professionals/national-case-definition.html	official_page	reporting_era	CAN		2026-04-09	access_date_only_allowed	alternate_names=Canada national case definition: Pertussis (same source for enhanced notification note); used_in=reporting_era:country|CAN:primary; reporting_era:country|CAN:secondary
maternal_program_can_www_canada_ca_update_immunization_pregnancy_tdap_vaccine_ht	update-immunization-pregnancy-tdap-vaccine.html	https://www.canada.ca/en/public-health/services/publications/healthy-living/update-immunization-pregnancy-tdap-vaccine.html	official_page	maternal_program	CAN		2026-04-09	access_date_only_allowed	used_in=maternal_program:CAN:pregnant
maternal_program_usa_www_cdc_gov_mm6207a4_htm	mm6207a4.htm	https://www.cdc.gov/mmwr/preview/mmwrhtml/mm6207a4.htm	official_page	maternal_program	USA		2026-04-09	access_date_only_allowed	used_in=maternal_program:USA:pregnant_intro
formulation_usa_www_cdc_gov_rr6702a1_htm	CDC ACIP 2018 pertussis recommendations	https://www.cdc.gov/mmwr/volumes/67/rr/rr6702a1.htm	official_page	formulation	USA	2018-04-27	2026-04-09	release_and_access_date	used_in=formulation:USA:2000|2025
maternal_program_usa_www_cdc_gov_vaccinating_pregnant_patients_html	vaccinating-pregnant-patients.html	https://www.cdc.gov/pertussis/hcp/vaccine-recommendations/vaccinating-pregnant-patients.html	official_page	maternal_program	USA		2026-04-09	access_date_only_allowed	used_in=maternal_program:USA:pregnant
reporting_era_usa_www_cdc_gov_chapter_10_pertussis_html	CDC Manual for the Surveillance of Vaccine-Preventable Diseases, Chapter 10: Pertussis	https://www.cdc.gov/surv-manual/php/table-of-contents/chapter-10-pertussis.html	guidance	reporting_era	USA		2026-04-09	access_date_only_allowed	used_in=reporting_era:country|USA:secondary
reporting_era_www_ecdc_europa_eu_guidance_and_protocol_use_real_time_pcr_laborat	ECDC guidance and protocol for the use of real-time PCR in laboratory diagnosis of human infection with Bordetella pertussis or Bordetella parapertussis	https://www.ecdc.europa.eu/en/publications-data/guidance-and-protocol-use-real-time-pcr-laboratory-diagnosis-human-infection	guidance	reporting_era			2026-04-09	access_date_only_allowed	used_in=reporting_era:regional_standard|EU-EEA:primary
reporting_era_www_ecdc_europa_eu_pertussis_annual_epidemiological_report_2023	ECDC Pertussis Annual Epidemiological Report for 2023 / EU case definitions	https://www.ecdc.europa.eu/en/publications-data/pertussis-annual-epidemiological-report-2023	surveillance_report	reporting_era			2026-04-09	access_date_only_allowed	used_in=reporting_era:regional_standard|EU-EEA:secondary
formulation_cze_www_ema_europa_eu_hexacima	EMA Hexacima	https://www.ema.europa.eu/en/medicines/human/EPAR/hexacima	regulatory_label	formulation	CZE	2024-04-30	2026-04-09	release_and_access_date	used_in=formulation:CZE:2018|2021; formulation:CZE:2022|2024
formulation_fra_www_ema_europa_eu_hexyon	EMA Hexyon	https://www.ema.europa.eu/en/medicines/human/EPAR/hexyon	regulatory_label	formulation	FRA	2026-03-01	2026-04-09	release_and_access_date	used_in=formulation:FRA:2013|2024
formulation_www_ema_europa_eu_infanrix_hexa	EMA Infanrix Hexa	https://www.ema.europa.eu/en/medicines/human/EPAR/infanrix-hexa	regulatory_label	formulation		2024-01-01	2026-04-09	release_and_access_date	alternate_names=EMA Infanrix hexa; used_in=formulation:CZE:2007|2017; formulation:CZE:2022|2024; formulation:FRA:2013|2024; formulation:GBR:2004|2024
formulation_usa_www_fda_gov_download	FDA INFANRIX	https://www.fda.gov/media/75157/download?attachment=	regulatory_label	formulation	USA	2023-10-01	2026-04-09	release_and_access_date	used_in=formulation:USA:2000|2025
reporting_era_swe_www_folkhalsomyndigheten_se_page	Kikhosta – sjukdomsstatistik — Folkhälsomyndigheten	https://www.folkhalsomyndigheten.se/folkhalsorapportering-statistik/statistik-a-till-o/kikhosta-sjukdomsstatistik/	official_page	reporting_era	SWE		2026-04-09	access_date_only_allowed	used_in=reporting_era:country|SWE:primary
reporting_era_swe_www_folkhalsomyndigheten_se_page_2	Vaccination mot kikhosta — Folkhälsomyndigheten	https://www.folkhalsomyndigheten.se/smittskydd-beredskap/vaccinationer/vacciner-som-anvands-i-sverige/vaccination-mot-kikhosta/	official_page	reporting_era	SWE		2026-04-09	access_date_only_allowed	used_in=reporting_era:country|SWE:secondary
reporting_era_aut_www_gesundheit_gv_at_keuchhusten_html	Keuchhusten | Gesundheitsportal	https://www.gesundheit.gv.at/krankheiten/kinderkrankheiten/infektion/keuchhusten.html	official_page	reporting_era	AUT		2026-04-09	access_date_only_allowed	used_in=reporting_era:country|AUT:primary
reporting_era_aut_www_gesundheit_gv_at_keuchhusten_html_2	Impfung gegen Keuchhusten - Pertussis | Gesundheitsportal	https://www.gesundheit.gv.at/leben/gesundheitsvorsorge/impfungen/ueberblick/keuchhusten.html	official_page	reporting_era	AUT		2026-04-09	access_date_only_allowed	used_in=reporting_era:country|AUT:secondary
formulation_bra_www_gov_br_vacinacao_protege_criancas_e_gestantes_contra_a_coque	Ministry pages for maternal dTpa use	https://www.gov.br/saude/pt-br/assuntos/noticias/2024/novembro/vacinacao-protege-criancas-e-gestantes-contra-a-coqueluche	official_page	formulation	BRA	2024-11-01	2026-04-09	release_and_access_date	used_in=formulation:BRA:2014|2024
reporting_era_bra_www_gov_br_view	Guia de Vigilancia em Saude (5a edicao revista e atualizada)	https://www.gov.br/saude/pt-br/assuntos/saude-de-a-a-z/c/coqueluche/arquivos/guia_vigilancia_saude_5ed_rev_atual_encaminhado_svs_27_07_2022.pdf/view	official_page	reporting_era	BRA		2026-04-09	access_date_only_allowed	used_in=reporting_era:country|BRA:primary
reporting_era_bra_www_gov_br_informe_epidemiologico_da_coqueluche_brasil_2018_a_	Situacao epidemiologica da coqueluche no Brasil: 2018 a 2019	https://www.gov.br/saude/pt-br/assuntos/saude-de-a-a-z/c/coqueluche/arquivos/informe-epidemiologico-da-coqueluche-brasil-2018-a-2019.pdf	pdf_report	reporting_era	BRA		2026-04-09	access_date_only_allowed	used_in=reporting_era:country|BRA:secondary
formulation_bra_www_gov_br_page	Brazil Ministry of Health dTpa page	https://www.gov.br/saude/pt-br/assuntos/saude-de-a-a-z/d/dtpa/dtpa	official_page	formulation	BRA	2026-03-17	2026-04-09	release_and_access_date	used_in=formulation:BRA:2014|2024
formulation_bra_www_gov_br_instrucao_normativa_que_instrui_o_calendario_nacional	2024 national schedule instruction	https://www.gov.br/saude/pt-br/vacinacao/calendario-tecnico/instrucao-normativa-que-instrui-o-calendario-nacional-de-vacinacao-2024	official_page	formulation	BRA	2026-03-01	2026-04-09	release_and_access_date	used_in=formulation:BRA:2014|2024
formulation_gbr_www_gov_uk_hexavalent_dtapipvhibhepb_combination_vaccine_informa	UKHSA hexavalent programme guidance	https://www.gov.uk/government/publications/hexavalent-combination-vaccine-programme-guidance/hexavalent-dtapipvhibhepb-combination-vaccine-information-for-healthcare-practitioners	guidance	formulation	GBR	2025-01-01	2026-04-09	release_and_access_date	used_in=formulation:GBR:2004|2024
reporting_era_gbr_www_gov_uk_pertussis_guidelines_for_public_health_management	Pertussis: guidelines for public health management - GOV.UK	https://www.gov.uk/government/publications/pertussis-guidelines-for-public-health-management	guidance	reporting_era	GBR		2026-04-09	access_date_only_allowed	used_in=reporting_era:country|GBR:secondary
maternal_program_gbr_www_gov_uk_pertussis_whooping_cough_vaccination_programme_f	pertussis-whooping-cough-vaccination-programme-for-pregnant-women	https://www.gov.uk/government/publications/vaccination-against-pertussis-whooping-cough-for-pregnant-women/pertussis-whooping-cough-vaccination-programme-for-pregnant-women	official_page	maternal_program	GBR		2026-04-09	access_date_only_allowed	used_in=maternal_program:GBR:pregnant
formulation_gbr_www_gov_uk_which_pertussis_vaccine_should_you_use	GOV.UK pertussis vaccine use	https://www.gov.uk/government/publications/vaccination-against-pertussis-whooping-cough-for-pregnant-women/which-pertussis-vaccine-should-you-use	official_page	formulation	GBR	2024-10-01	2026-04-09	release_and_access_date	used_in=formulation:GBR:2004|2024
reporting_era_gbr_www_gov_uk_pertussis_clinical_and_public_health_management	Pertussis: background information on prevention and management - GOV.UK	https://www.gov.uk/guidance/pertussis-clinical-and-public-health-management	guidance	reporting_era	GBR		2026-04-09	access_date_only_allowed	used_in=reporting_era:country|GBR:primary
maternal_program_fra_www_has_sante_fr_recommandation_vaccinale_contre_la_coquelu	recommandation-vaccinale-contre-la-coqueluche-chez-la-femme-enceinte	https://www.has-sante.fr/jcms/p_3084228/en/recommandation-vaccinale-contre-la-coqueluche-chez-la-femme-enceinte	official_page	maternal_program	FRA		2026-04-09	access_date_only_allowed	used_in=maternal_program:FRA:pregnant_intro
formulation_nzl_www_health_govt_nz_professional_standards_school_based_immunisat	Health NZ school booster standards	https://www.health.govt.nz/system/files/2016-12/professional-standards-school-based-immunisation-service-delivery-dec16.pdf	pdf_report	formulation	NZL	2016-12-01	2026-04-09	release_and_access_date	used_in=formulation:NZL:2000|2025
reporting_era_irl_www_hpsc_ie_page	Case Definition - Health Protection Surveillance Centre	https://www.hpsc.ie/a-z/vaccinepreventable/pertussiswhoopingcough/casedefinition/	surveillance_report	reporting_era	IRL		2026-04-09	access_date_only_allowed	used_in=reporting_era:country|IRL:secondary
reporting_era_irl_www_hpsc_ie_page_2	Notifying Infectious Diseases - Health Protection Surveillance Centre	https://www.hpsc.ie/notifiablediseases/notifyinginfectiousdiseases/	surveillance_report	reporting_era	IRL		2026-04-09	access_date_only_allowed	used_in=reporting_era:country|IRL:primary
reporting_era_col_www_ins_gov_co_fortalecimiento_aspx	Fortalecimiento de la vigilancia de tos ferina	https://www.ins.gov.co/Noticias/Paginas/Fortalecimiento-.aspx	official_page	reporting_era	COL		2026-04-09	access_date_only_allowed	used_in=reporting_era:country|COL:primary
formulation_nzl_www_medsafe_govt_nz_infanrixhexainj_pdf	Medsafe INFANRIX HEXA datasheet	https://www.medsafe.govt.nz/profs/datasheet/i/infanrixhexainj.pdf	regulatory_label	formulation	NZL	2025-12-01	2026-04-09	release_and_access_date	used_in=formulation:NZL:2000|2025
formulation_www_merck_com_vaxelis_pi_pdf	Merck VAXELIS PI	https://www.merck.com/product/usa/pi_circulars/v/vaxelis/vaxelis_pi.pdf	pdf_report	formulation		2026-03-01	2026-04-09	release_and_access_date	used_in=formulation:FRA:2013|2024; formulation:GBR:2004|2024; formulation:USA:2000|2025
reporting_era_jpn_www_mhlw_go_jp_shiryou3_pdf	Revision of notification criteria for pertussis (draft) / IASR special issue on pertussis 2018	https://www.mhlw.go.jp/file/05-Shingikai-10601000-Daijinkanboukouseikagakuka-Kouseikagakuka/shiryou3.pdf	pdf_report	reporting_era	JPN		2026-04-09	access_date_only_allowed	used_in=reporting_era:country|JPN:secondary
reporting_era_jpn_www_mhlw_go_jp_whooping_cough_html	Pertussis	https://www.mhlw.go.jp/stf/seisakunitsuite/bunya/kenkou/kekkaku-kansenshou19/whooping_cough.html	official_page	reporting_era	JPN		2026-04-09	access_date_only_allowed	used_in=reporting_era:country|JPN:primary
reporting_era_col_www_minsalud_gov_co_alerta_por_el_aumento_de_casos_de_tos_feri	Alerta por el aumento de casos de tos ferina en Colombia	https://www.minsalud.gov.co/CC/Noticias/2025/Paginas/Alerta-por-el-aumento-de-casos-de-tos-ferina-en-Colombia.aspx	official_page	reporting_era	COL		2026-04-09	access_date_only_allowed	used_in=reporting_era:country|COL:secondary
reporting_era_chn_www_nhc_gov_cn_f732266b89ab427289ab37b886158a1c_pdf	NHC Pertussis Diagnosis and Treatment Plan (2023 Edition)	https://www.nhc.gov.cn/cms-search/downFiles/f732266b89ab427289ab37b886158a1c.pdf	pdf_report	reporting_era	CHN		2026-04-09	access_date_only_allowed	used_in=reporting_era:country|CHN:primary
reporting_era_chn_www_nhc_gov_cn_4d051eb0fa54419ab0551e099820e92a_shtml	China Infectious Disease Prevention and Control Law / Pertussis Prevention and Control Plan (2024 Edition)	https://www.nhc.gov.cn/wjw/flfg/200408/4d051eb0fa54419ab0551e099820e92a.shtml	official_page	reporting_era	CHN		2026-04-09	access_date_only_allowed	used_in=reporting_era:country|CHN:secondary
formulation_ind_www_nhm_gov_in_immunization_handbook_for_medical_officers_202017	India Immunization Handbook for Medical Officers 2017	https://www.nhm.gov.in/New_Updates_2018/NHM_Components/Immunization/Guildelines_for_immunization/Immunization_Handbook_for_Medical_Officers%202017.pdf	pdf_report	formulation	IND	2017-01-01	2026-04-09	release_and_access_date	used_in=formulation:IND:2001|2024
maternal_program_irl_www_nhs_uk_page	https://www.nhs.uk/pregnancy/keeping-well/whooping-cough-vaccination/	https://www.nhs.uk/pregnancy/keeping-well/whooping-cough-vaccination/	official_page	maternal_program	IRL		2026-04-09	access_date_only_allowed	used_in=maternal_program:IRL:pregnant
reporting_era_zaf_www_nicd_ac_za_page	Pertussis	https://www.nicd.ac.za/index.php/pertussis/	official_page	reporting_era	ZAF		2026-04-09	access_date_only_allowed	used_in=reporting_era:country|ZAF:primary
reporting_era_zaf_www_nicd_ac_za_nicd_march_communique_pdf	Communicable Diseases Communiqué	https://www.nicd.ac.za/wp-content/uploads/2023/03/NICD-March-Communique.pdf	pdf_report	reporting_era	ZAF		2026-04-09	access_date_only_allowed	used_in=reporting_era:country|ZAF:secondary
reporting_era_www_paho_org_epi_country_profiles	PAHO EPI Country Profiles	https://www.paho.org/en/epi-country-profiles	official_page	reporting_era			2026-04-09	access_date_only_allowed	used_in=reporting_era:regional_standard|AMRO:secondary
formulation_gtm_www_paho_org_7_11_2025_guatemala_da_paso_historico_hacia_salud_u	PAHO notice on Guatemala hexavalent introduction	https://www.paho.org/es/noticias/7-11-2025-guatemala-da-paso-historico-hacia-salud-universal-con-introduccion-vacuna	official_page	formulation	GTM	2025-11-07	2026-04-09	release_and_access_date	used_in=formulation:GTM:2000|2019
formulation_gtm_www_paho_org_9_5_2023_lanzamiento_tablero_coberturas_vacunacion_	PAHO/MSPAS Guatemala vaccination dashboard launch	https://www.paho.org/es/noticias/9-5-2023-lanzamiento-tablero-coberturas-vacunacion-guatemala	official_page	formulation	GTM	2023-05-09	2026-04-09	release_and_access_date	used_in=formulation:GTM:2000|2019
formulation_jpn_www_pmda_go_jp_636140ba3022_1	PMDA TRIBIK product information	https://www.pmda.go.jp/PmdaSearch/rdDetail/iyaku/636140BA3022_1?user=1	regulatory_label	formulation	JPN	2026-02-27	2026-04-09	release_and_access_date	used_in=formulation:JPN:2012|2025
formulation_jpn_www_pmda_go_jp_636140fg1020_1	PMDA GOBIK product information	https://www.pmda.go.jp/PmdaSearch/rdDetail/iyaku/636140FG1020_1?user=1	regulatory_label	formulation	JPN	2025-12-01	2026-04-09	release_and_access_date	used_in=formulation:JPN:2012|2025
reporting_era_nld_www_rivm_nl_kinkhoest	Kinkhoest | RIVM	https://www.rivm.nl/kinkhoest	official_page	reporting_era	NLD		2026-04-09	access_date_only_allowed	used_in=reporting_era:country|NLD:primary
reporting_era_nld_www_rivm_nl_actueel	Actualiteiten over kinkhoest | RIVM	https://www.rivm.nl/kinkhoest/actueel	official_page	reporting_era	NLD		2026-04-09	access_date_only_allowed	used_in=reporting_era:country|NLD:secondary
reporting_era_deu_www_rki_de_keuchhusten_html	RKI - Falldefinitionen - Keuchhusten (Bordetella pertussis und Bordetella parapertussis)	https://www.rki.de/DE/Themen/Infektionskrankheiten/Meldewesen/Falldefinitionen/Downloads/Keuchhusten.html	official_page	reporting_era	DEU		2026-04-09	access_date_only_allowed	used_in=reporting_era:country|DEU:primary
reporting_era_esp_www_sanidad_gob_es_informe_sistema_vigilancia_enfermedades_tra	Informe del Sistema de Vigilancia de Enfermedades Transmisibles del SNS 2023	https://www.sanidad.gob.es/areas/alertasEmergenciasSanitarias/vigilancia/docs/Informe_Sistema_Vigilancia_Enfermedades_Transmisibles_SNS_2023.pdf	pdf_report	reporting_era	ESP		2026-04-09	access_date_only_allowed	used_in=reporting_era:country|ESP:secondary
reporting_era_esp_www_sanidad_gob_es_tosferina_htm	Tosferina - Ministerio de Sanidad	https://www.sanidad.gob.es/areas/promocionPrevencion/vacunaciones/vacunas/ciudadanos/tosferina.htm	official_page	reporting_era	ESP		2026-04-09	access_date_only_allowed	used_in=reporting_era:country|ESP:primary
reporting_era_fra_www_santepubliquefrance_fr_notre_action	Santé publique France – Coqueluche: notre action	https://www.santepubliquefrance.fr/maladies-et-traumatismes/maladies-a-prevention-vaccinale/coqueluche/notre-action	official_page	reporting_era	FRA		2026-04-09	access_date_only_allowed	used_in=reporting_era:country|FRA:primary
reporting_era_fra_www_santepubliquefrance_fr_donnees	Santé publique France – Coqueluche: données	https://www.santepubliquefrance.fr/maladies-et-traumatismes/maladies-et-infections-respiratoires/coqueluche/donnees	official_page	reporting_era	FRA		2026-04-09	access_date_only_allowed	used_in=reporting_era:country|FRA:secondary
maternal_program_www_sciencedirect_com_s0264410x24008120	S0264410X24008120	https://www.sciencedirect.com/science/article/abs/pii/S0264410X24008120	literature	maternal_program			2026-04-09	access_date_only_allowed	used_in=maternal_program:AND:pregnant; maternal_program:BHS:pregnant; maternal_program:BMU:pregnant; maternal_program:CHL:pregnant; maternal_program:COL:pregnant; maternal_program:CRI:pregnant
maternal_program_che_www_sciencedirect_com_s0264410x22005333	S0264410X22005333	https://www.sciencedirect.com/science/article/pii/S0264410X22005333#b0110	literature	maternal_program	CHE		2026-04-09	access_date_only_allowed	used_in=maternal_program:CHE:pregnant
reporting_era_bel_www_sciensano_be_rapport_epidemique_de_la_coqueluche_janvier_a	Rapport épidémique de la coqueluche: janvier à juin 2024	https://www.sciensano.be/sites/default/files/rapport_epidemique_de_la_coqueluche_janvier_a_juin_2024.pdf	pdf_report	reporting_era	BEL		2026-04-09	access_date_only_allowed	used_in=reporting_era:country|BEL:primary
reporting_era_nzl_www_tewhatuora_govt_nz_pertussis	Pertussis chapter	https://www.tewhatuora.govt.nz/for-health-professionals/clinical-guidance/communicable-disease-control-manual/pertussis	guidance	reporting_era	NZL		2026-04-09	access_date_only_allowed	used_in=reporting_era:country|NZL:primary
reporting_era_nzl_www_tewhatuora_govt_nz_updates_to_the_communicable_disease_con	Updates to the Communicable Disease Control Manual	https://www.tewhatuora.govt.nz/for-health-professionals/clinical-guidance/communicable-disease-control-manual/updates-to-the-communicable-disease-control-manual	guidance	reporting_era	NZL		2026-04-09	access_date_only_allowed	used_in=reporting_era:country|NZL:secondary
multi_domain_nzl_www_tewhatuora_govt_nz_appendix_1_the_history_of_immunisation_i	appendix-1-the-history-of-immunisation-in-new-zealand	https://www.tewhatuora.govt.nz/for-health-professionals/clinical-guidance/immunisation-handbook/appendix-1-the-history-of-immunisation-in-new-zealand	guidance	multi_domain	NZL	2025-01-01	2026-04-09	release_and_access_date	alternate_names=Health New Zealand immunisation history; used_in=formulation:NZL:1958|1999; formulation:NZL:2000|2025; maternal_program:NZL:pregnant_intro
maternal_program_bra_www_unasus_gov_br_sus_passa_vacinar_gestantes_contra_coquel	sus-passa-vacinar-gestantes-contra-coqueluche	https://www.unasus.gov.br/noticia/sus-passa-vacinar-gestantes-contra-coqueluche	official_page	maternal_program	BRA		2026-04-09	access_date_only_allowed	used_in=maternal_program:BRA:pregnant_intro
raw_snapshot_www_who_int_global_antimicrobial_resistance_surveillance_system_gla	WHO GLASS GHO download bundle	https://www.who.int/data/gho/data/themes/topics/global-antimicrobial-resistance-surveillance-system-glass	official_page	raw_snapshot		2026-03-23	2026-04-09	release_and_access_date	used_in=raw_source_meta:glass_amu|Other
reporting_era_www_who_int_vaccine_preventable_diseases_surveillance_standards_pe	WHO Pertussis: Vaccine-Preventable Diseases Surveillance Standards	https://www.who.int/publications/m/item/vaccine-preventable-diseases-surveillance-standards-pertussis	surveillance_report	reporting_era			2026-04-09	access_date_only_allowed	used_in=reporting_era:global_standard|WHO:primary
reporting_era_aus_www1_health_gov_au_cda_cdi3702o_htm	Revised surveillance case definitions: Chlamydia	https://www1.health.gov.au/internet/main/publishing.nsf/Content/cda-cdi3702o.htm	surveillance_report	reporting_era	AUS		2026-04-09	access_date_only_allowed	used_in=reporting_era:country|AUS:secondary
reporting_era_aus_www1_health_gov_au_cda_pubs_cdi_2004_cdi2801_htm_cdi2801a_htm	Notifiable diseases, Australia, 2004 / revised surveillance case definitions	https://www1.health.gov.au/internet/main/publishing.nsf/Content/cda-pubs-cdi-2004-cdi2801-htm-cdi2801a.htm	surveillance_report	reporting_era	AUS		2026-04-09	access_date_only_allowed	used_in=reporting_era:country|AUS:primary
reporting_era_www3_paho_org_2_march_2012_pertussis_americas_pdf	PAHO Epidemiological Alert: Pertussis (Whooping Cough) in the Americas	https://www3.paho.org/hq/dmdocuments/2012/2-March-2012-Pertussis-Americas.pdf	pdf_report	reporting_era			2026-04-09	access_date_only_allowed	used_in=reporting_era:regional_standard|AMRO:primary
formulation_chn_wwwnc_cdc_gov_10_0401_pdf	Emerging Infectious Diseases review of China vaccine transition	https://wwwnc.cdc.gov/eid/article/16/11/pdfs/10-0401.pdf	pdf_report	formulation	CHN	2010-11-01	2026-04-09	release_and_access_date	used_in=formulation:CHN:2005|2011
formulation_jpn_wwwnc_cdc_gov_16_1575_article	Japanese PRN-deficient surveillance study	https://wwwnc.cdc.gov/eid/article/23/4/16-1575_article	literature	formulation	JPN	2017-04-01	2026-04-12	release_and_access_date	used_in=formulation:JPN:1981|2011; formulation:JPN:2012|2025
formulation_jpn_wwwnc_cdc_gov_20_3850_article	CDC review of pertactin-deficient expansion	https://wwwnc.cdc.gov/eid/article/27/6/20-3850_article	literature	formulation	JPN	2021-06-01	2026-04-12	release_and_access_date	used_in=formulation:JPN:1981|2011; formulation:JPN:2012|2025
formulation_fin_pubmed_ncbi_nlm_nih_gov_19628060	Finnish epidemiology study documenting the 2005 replacement of whole-cell vaccine by acellular vaccine	https://pubmed.ncbi.nlm.nih.gov/19628060/	literature	formulation	FIN	2009-08-01	2026-04-12	release_and_access_date	used_in=formulation:FIN:1952|2004; formulation:FIN:2005|2008
formulation_fin_utupub_fi_10024_183252	Finnish antigen-expression study describing PT/FHA-only followed by PT/FHA/PRN acellular vaccine use	https://www.utupub.fi/handle/10024/183252	literature	formulation	FIN	2025-01-01	2026-04-12	release_and_access_date	used_in=formulation:FIN:2005|2008; formulation:FIN:2009|2025
formulation_esp_wwwnc_cdc_gov_21_1958_article	Spanish pertactin-deficiency study	https://wwwnc.cdc.gov/eid/article/28/5/21-1958_article	literature	formulation	ESP	2022-05-01	2026-04-12	release_and_access_date	used_in=formulation:ESP:1986|1997; formulation:ESP:1998|2005; formulation:ESP:2006|2012; formulation:ESP:2013|2025
formulation_aus_consultations_health_gov_au_pertussis_handbook_pdf	Australian Immunisation Handbook pertussis chapter	https://consultations.health.gov.au/ohp-immunisation-branch/the-australian-immunisation-handbook-10th-edition/user_uploads/4-12_pertussis_10th-ed-for-2015-update_post_atagi55_v4_for_public_consultation_final-wm_notedeletion--d14-2961395-.pdf	pdf_report	formulation	AUS	2015-01-01	2026-04-12	release_and_access_date	used_in=formulation:AUS:1945|1996; formulation:AUS:1997|1998; formulation:AUS:1999|2025
formulation_gbr_assets_publishing_service_gov_uk_file_1052154_ukhsa_vaccine_time	UKHSA vaccine timeline	https://assets.publishing.service.gov.uk/government/uploads/system/uploads/attachment_data/file/1052154/UKHSA-vaccine-timeline.pdf	pdf_report	formulation	GBR	2022-02-14	2026-04-14	release_and_access_date	used_in=formulation:GBR:1950|2003
formulation_gbr_assets_publishing_service_gov_uk_file_216141_determinants_of_chi	pertussis immunisation history review	https://assets.publishing.service.gov.uk/government/uploads/system/uploads/attachment_data/file/216141/Determinants_of_childhood_immunisation_coverage_in_the_United_Kingdom__1995_to_2007.pdf	pdf_report	formulation	GBR	2010-05-12	2026-04-14	release_and_access_date	used_in=formulation:GBR:1950|2003
formulation_nld_rijksvaccinatieprogramma_nl_professionals_richtlijnen_uitvoering_	RIVM programme-change history	https://rijksvaccinatieprogramma.nl/professionals/richtlijnen/uitvoering/3-onderbouwing-en-wijzigingen	official_page	formulation	NLD	2022-05-19	2026-04-14	release_and_access_date	used_in=formulation:NLD:2005|2024
formulation_nld_rijksvaccinatieprogramma_nl_en_how_does_vaccination_work_vaccine_	RIVM vaccine information leaflets	https://rijksvaccinatieprogramma.nl/en/how-does-vaccination-work/vaccine-information-leaflets	official_page	formulation	NLD	2026-03-20	2026-04-14	release_and_access_date	used_in=formulation:NLD:2005|2024
formulation_nld_rijksvaccinatieprogramma_nl_en_how_does_vaccination_work_what_is_	RIVM what is in a vaccine page	https://rijksvaccinatieprogramma.nl/en/how-does-vaccination-work/what-is-in-a-vaccin	official_page	formulation	NLD	2025-09-15	2026-04-14	release_and_access_date	used_in=formulation:NLD:2005|2024
formulation_usa_www_cdc_gov_mmwr_preview_mmwrhtml_00048610_htm	CDC 1997 ACIP DTaP recommendations	https://www.cdc.gov/mmwr/preview/mmwrhtml/00048610.htm	guidance	formulation	USA	1997-04-25	2026-04-14	release_and_access_date	used_in=formulation:USA:1997|1999
formulation_chn_www_chinacdc_cn_jkyj_mygh02_jbzt_xjxcrb_brk_202409_t20240925_300	China CDC pertussis vaccine immunoprophylaxis page	https://www.chinacdc.cn/jkyj/mygh02/jbzt/xjxcrb/brk/202409/t20240925_300993.html	official_page	formulation	CHN	2025-06-08	2026-04-14	release_and_access_date	used_in=formulation:CHN:1978|2004; formulation:CHN:2005|2011; formulation:CHN:2012|2025
formulation_ema_europa_eu_vaxelis	EMA Vaxelis EPAR	https://www.ema.europa.eu/en/medicines/human/EPAR/vaxelis	regulatory_label	formulation		2016-02-15	2026-04-14	release_and_access_date	used_in=formulation:NLD:2005|2024
formulation_fra_www_sciencedirect_com_science_article_abs_pii_s1198743x14610508	French Bordetella evolution study	https://www.sciencedirect.com/science/article/abs/pii/S1198743X14610508	literature	formulation	FRA	2009-01-01	2026-04-14	release_and_access_date	used_in=formulation:FRA:1959|1997; formulation:FRA:1998|2024
product_reportlinker_pediatric_pertussis_combination_vaccines_market_study	ReportLinker pediatric pertussis combination vaccines market study	https://ai.reportlinker.com/hubfs/Guide/market-study-on-dtap-ipv-based-vaccines.pdf	pdf_report	formulation		2021-01-01	2026-04-19	release_and_access_date	used_in=product:FRA:private_market_volume_proxy_from_reportlinker_2020;product:CZE:public_market_volume_proxy_from_reportlinker_2020;product:NLD:national_single_product_pre_2025_boostrix_polio
product_chn_dcvmn_china_country_profile_vf	DCVMN China Country Profile	https://dcvmn.org/wp-content/uploads/2023/11/China-Country-Profile_vf.pdf	pdf_report	formulation	CHN	2023-11-01	2026-04-19	release_and_access_date	used_in=product:CHN:epi_supplier_market_share_proxy_from_dcvmn_2020
product_chn_frontiers_immunology_quzhou_comparison_dtap_pentaxim	Frontiers in Immunology Quzhou DTaP vs Pentaxim comparison study	https://www.frontiersin.org/journals/immunology/articles/10.3389/fimmu.2022.1055677/pdf?isPublishedV2=false	literature	formulation	CHN	2023-01-06	2026-04-19	release_and_access_date	used_in=product:CHN:dtap_prn_composition
product_nld_rivm_vaxelis_transition_report	RIVM report on Vaxelis transition in the National Immunisation Programme	https://www.rivm.nl/bibliotheek/rapporten/2022-0045.pdf	pdf_report	formulation	NLD	2022-01-01	2026-04-19	release_and_access_date	used_in=product:NLD:national_single_product_current_rivm_vaxelis
product_nld_rivm_vaxelis_productinformation	RIVM product information Vaxelis	https://rijksvaccinatieprogramma.nl/professionals/productinformatie-vaccinaties/vaxelis	official_page	formulation	NLD	2023-08-17	2026-04-19	release_and_access_date	used_in=product:NLD:national_single_product_current_rivm_vaxelis
product_nld_cbg_vaxelis_medicinesdatabase	Dutch medicines database Vaxelis	https://www.geneesmiddeleninformatiebank.nl/ords/f?p=111%3A3%3A%3ASEARCH%3A%3A%3AP0_DOMAIN%2CP0_LANG%2CP3_RVG1%3AH%2CNL%2C117034	regulatory_label	formulation	NLD		2026-04-19	access_date_only_allowed	used_in=product:NLD:national_single_product_current_rivm_vaxelis
product_nld_rivm_boostrix_productinformation	RIVM product information Boostrix	https://rijksvaccinatieprogramma.nl/professionals/productinformatie-vaccinaties/boostrix	official_page	formulation	NLD	2026-03-16	2026-04-19	release_and_access_date	used_in=product:NLD:national_single_product_current_rivm_boostrix;product:NLD:national_single_product_22_week_programme
product_nld_cbg_boostrix_medicinesdatabase	Dutch medicines database Boostrix	https://www.geneesmiddeleninformatiebank.nl/nl/rvg35121	regulatory_label	formulation	NLD	2023-04-26	2026-04-19	release_and_access_date	used_in=product:NLD:national_single_product_current_rivm_boostrix;product:NLD:national_single_product_22_week_programme
product_nld_rivm_22_week_launch	RIVM launch of 22-week maternal pertussis vaccination	https://www.rivm.nl/en/news/pregnant-woman-protects-her-baby-against-whooping-cough-with-22-week-vaccination	official_page	maternal_program	NLD	2019-12-12	2026-04-19	release_and_access_date	used_in=product:NLD:national_single_product_22_week_programme
product_nld_rivm_2025_schedule_change	RIVM 2025 National Immunisation Programme changes	https://rijksvaccinatieprogramma.nl/en/vaccinations/changes-2025	official_page	formulation	NLD	2025-01-01	2026-04-19	release_and_access_date	used_in=product:NLD:national_single_product_pre_2025_boostrix_polio;product:NLD:national_single_product_current_rivm_boostrix
product_nld_cbg_boostrix_polio_medicinesdatabase	Dutch medicines database Boostrix Polio	https://www.geneesmiddeleninformatiebank.nl/nl/rvg35123	regulatory_label	formulation	NLD	2023-04-26	2026-04-19	release_and_access_date	used_in=product:NLD:national_single_product_pre_2025_boostrix_polio
